# -*- coding: utf-8 -*-

# Resource object code
#
# Created by: The Resource Compiler for PyQt5 (Qt v5.15.2)
#
# WARNING! All changes made in this file will be lost!

from PyQt5 import QtCore

qt_resource_data = b"\
\x00\x00\x19\xa6\
\x89\
\x50\x4e\x47\x0d\x0a\x1a\x0a\x00\x00\x00\x0d\x49\x48\x44\x52\x00\
\x00\x02\x00\x00\x00\x02\x00\x08\x06\x00\x00\x00\xf4\x78\xd4\xfa\
\x00\x00\x00\x09\x70\x48\x59\x73\x00\x00\x12\x9c\x00\x00\x12\x9c\
\x01\xb2\xd6\xff\x73\x00\x00\x10\xc1\x49\x44\x41\x54\x78\x9c\xed\
\xdd\x51\x72\x5b\xb9\x11\x86\x51\x2a\xa5\x4d\x65\x6b\x59\x40\xb6\
\x96\x65\x29\x0f\xb6\xc7\x92\x4c\xd2\xe4\xe5\x05\xd0\x8d\xff\x9c\
\xaa\x3c\x66\x42\x4a\x17\xdd\x1f\x41\x7b\xf2\xf6\xf1\xf1\x71\xe1\
\xb8\xb7\x7f\xff\x77\xf5\x4b\x20\x57\x95\xc3\xfb\xb6\xfa\x05\x90\
\xe9\xe3\x7f\xff\x59\xfd\x12\x5a\x7b\x5f\xfd\x02\x80\xbb\xaa\x2c\
\xf9\x7b\xee\xbd\x46\x71\x00\x45\x09\x00\x58\xaf\xc3\x92\x3f\xea\
\xd6\x7b\x13\x06\xb0\x98\x00\x80\xf9\x76\x5e\xf8\x8f\xba\xf6\x33\
\x10\x05\x30\x91\x00\x80\xf1\x2c\xfc\xc7\x7c\xff\x39\x09\x02\x18\
\x48\x00\xc0\xf9\x2c\xfc\x73\x08\x02\x18\x48\x00\xc0\xeb\x2c\xfc\
\x39\x3e\xff\x9c\xc5\x00\xbc\x48\x00\xc0\x71\x16\xff\x3a\x62\x00\
\x5e\x24\x00\xe0\x39\x96\x7e\x3d\x62\x00\x0e\x10\x00\xf0\x77\x96\
\x7e\x1f\x62\x00\x1e\x24\x00\xe0\x3a\x4b\xbf\x3f\x31\x00\x77\x08\
\x00\xf8\xca\xe2\xdf\xd3\xaf\xdf\xab\x10\x80\x9f\x04\x00\x58\xfa\
\x49\x84\x00\xfc\x24\x00\x48\x66\xf1\xe7\xf2\xf5\x00\xf1\x04\x00\
\x89\x2c\x7e\x3e\x73\x2b\x40\x24\x01\x40\x12\x8b\x9f\x7b\x84\x00\
\x51\x04\x00\x09\x2c\x7e\x9e\x21\x04\x88\x20\x00\xd8\x99\xc5\xcf\
\x2b\x84\x00\x5b\x13\x00\xec\xc8\xe2\xe7\x4c\x42\x80\x2d\x09\x00\
\x76\x62\xf1\x33\x92\x10\x60\x2b\xff\x5a\xfd\x02\xe0\x24\x96\x3f\
\xb3\x7c\x5c\x3c\x6f\x6c\x40\x00\xd0\x9d\x61\xcc\x2a\x9e\x3b\x5a\
\xf3\x15\x00\x5d\x19\xbe\x54\xe0\x6b\x01\xda\x72\x03\x40\x47\x96\
\x3f\xd5\x78\x26\x69\xc7\x0d\x00\x9d\x18\xb2\x54\xe6\x36\x80\x56\
\xdc\x00\xd0\x81\xef\xf9\xe9\xc4\xb3\x4a\x0b\x02\x80\xea\x0c\x53\
\x3a\x12\xad\x94\x27\x00\xa8\xcc\x00\xa5\x3b\x21\x40\x59\x02\x80\
\x8a\x0c\x4d\x76\xe3\x79\xa6\x1c\x01\x40\x35\x06\x25\xbb\xf2\x6c\
\x53\x8a\x00\xa0\x12\x03\x92\xdd\xb9\xdd\xa2\x0c\x01\x40\x05\x86\
\x22\x69\x3c\xef\x2c\x27\x00\x58\xcd\x20\x24\x95\x67\x9f\xa5\x04\
\x00\x2b\x19\x80\xa4\x73\xfb\xc5\x32\x02\x80\x15\x0c\x3d\xf8\xca\
\x79\x60\x3a\x01\xc0\x6c\x06\x1d\x5c\xe7\x6c\x30\x95\x00\x60\x26\
\x03\x0e\xee\x73\x46\x98\x46\x00\x30\x8b\xc1\x06\x8f\xf1\x15\x19\
\x53\x08\x00\x66\x30\xcc\xe0\x79\xce\x0d\x43\x09\x00\x46\x33\xc4\
\xe0\x38\xe7\x87\x61\x04\x00\xa3\xb8\xc6\x84\x73\x38\x47\x0c\x21\
\x00\x18\xc1\xc0\x82\x73\x39\x53\x9c\x4e\x00\x70\x36\x83\x0a\xc6\
\x70\xb6\x38\x95\x00\xe0\x4c\x06\x14\x8c\xe5\x8c\x71\x1a\x01\xc0\
\x59\x0c\x26\x98\xc3\x59\xe3\x14\x02\x80\x33\x18\x48\x30\x97\x33\
\xc7\xcb\x04\x00\xaf\x32\x88\x60\x0d\x67\x8f\x97\x08\x00\x5e\x61\
\x00\xc1\x5a\xce\x20\x87\x09\x00\x8e\x32\x78\xa0\x06\x67\x91\x43\
\x04\x00\x47\x18\x38\x50\x8b\x33\xc9\xd3\x04\x00\xcf\x32\x68\xa0\
\x26\x67\x93\xa7\x08\x00\x9e\x61\xc0\x40\x6d\xce\x28\x0f\x13\x00\
\x00\x7b\x11\x01\x3c\x44\x00\xf0\x28\x43\x05\x60\x23\x02\x80\x47\
\x58\xfe\x7b\x7a\xfb\xf9\x1f\xf6\xe3\xcc\xf2\x57\xef\xab\x5f\x00\
\xe5\x19\x24\x3d\xbc\xb2\xc8\x8f\xfc\x77\x3d\x17\xf5\x7d\x5c\x04\
\x1e\x77\x08\x00\xee\x31\xe4\xeb\xa9\x32\xd0\x6f\xbd\x0e\xcf\x4c\
\x2d\x22\x80\x9b\x04\x00\xb7\x18\xe4\x35\x74\x1b\xde\xdf\x5f\xaf\
\xe7\x68\x3d\x11\xc0\x55\x02\x80\x6b\x0c\xed\x75\x76\x1b\xd4\x82\
\xa0\x06\x11\xc0\x1f\x04\x00\xac\x97\x34\x98\x3f\xbf\x57\x31\x00\
\x0b\x09\x00\xbe\x33\x94\xe7\x48\x5a\xfa\xb7\x88\x81\xb9\xdc\x02\
\xf0\x85\x00\xe0\x33\x43\x78\x2c\xc3\xf7\x36\x31\x30\x87\x08\xe0\
\x1f\xfe\x3d\x00\xfc\x62\xe8\x8e\xe3\xef\xdb\x3f\xc7\xcf\x6b\x2c\
\x67\x9d\xcb\xe5\xe2\x06\x00\x46\xb1\xc0\x5e\xe7\x56\x00\x06\x72\
\x03\xc0\xe5\x62\xb8\x9e\xc9\xa7\xd7\x31\xfc\x5c\xcf\xe5\xcc\x23\
\x00\x30\x08\x4e\x62\x41\xcd\xe1\xe7\x7c\x1e\x67\x3f\x9c\x00\xc8\
\x66\x00\xbc\xce\x42\x5a\xc3\xcf\xfd\x1c\x66\x40\x30\x7f\x06\x00\
\x8e\xb1\x7c\x6a\xf8\xf5\x7b\xb0\xc8\xe0\x49\x6e\x00\x72\x19\x98\
\xc7\x59\xfe\xf5\xb8\x11\x38\xce\x2c\x08\x25\x00\x32\x39\xf0\xc7\
\x58\x32\xf5\xf9\xfd\x1c\x63\x26\x04\x12\x00\xf0\x18\x8b\xa5\x0f\
\xa1\x06\x0f\x10\x00\x79\x94\xfe\x73\x2c\x93\xbe\xfc\xde\x9e\x63\
\x36\x84\x11\x00\x70\x9d\xc5\xbf\x07\xbf\xc7\xe7\x88\x80\x20\x02\
\x20\x8b\xc3\xfd\x18\x0b\x63\x3f\x7e\xa7\xf0\x8d\x00\xc8\x61\xf9\
\x3f\xc6\xa2\xd8\x97\xdb\x80\xc7\x98\x15\x21\x04\x00\xfc\x60\x39\
\xe4\xf0\x7b\x86\x8b\x00\x48\xa1\xe8\xef\xb3\x10\xf2\xf8\x9d\xdf\
\x67\x66\x04\x10\x00\xfb\x73\x90\xef\xb3\x08\x72\xf9\xdd\xdf\x67\
\x76\x6c\x4e\x00\x90\xcc\x02\xc0\x57\x3f\xc4\x12\x00\x7b\x53\xf0\
\xd7\x19\xfa\x7c\xe7\x79\xb8\xce\x0c\xd9\x98\x00\x20\x8d\x41\xcf\
\x2d\x9e\x0d\xa2\x08\x80\x7d\x29\xf7\x3f\x19\xf0\xfc\x8d\x67\xe4\
\x4f\x66\xc9\xa6\x04\x00\x29\x0c\x76\x1e\xe5\x59\x21\x82\x00\xd8\
\x93\x62\xff\xca\x40\xe7\x59\x9e\x99\xaf\xcc\x94\x0d\x09\x00\x76\
\x67\x90\x73\x94\x67\x87\xad\x09\x80\xfd\x28\xf5\xdf\x0c\x70\x5e\
\xe5\x19\xfa\xcd\x6c\xd9\x8c\x00\x60\x57\x06\x37\x67\xf1\x2c\xb1\
\x25\x01\xb0\x17\x85\xfe\x83\x81\xcd\xd9\x3c\x53\x3f\x98\x31\x1b\
\x11\x00\xec\xc6\xa0\x66\x14\xcf\x16\x5b\x11\x00\xfb\x50\xe6\x06\
\x34\xe3\x79\xc6\xcc\x9a\x6d\x08\x00\x80\xe7\x88\x00\xb6\x20\x00\
\xf6\xa0\xc8\x0d\x65\xe6\x4a\x7f\xde\xcc\x9c\x0d\x08\x00\x76\x90\
\x3e\x8c\x01\x9e\x26\x00\xfa\x4b\x2f\x71\xcb\x9f\x55\xd2\x9f\xbd\
\xf4\xd9\xd3\x9e\x00\xa0\xb3\xf4\x01\xcc\x7a\x9e\x41\xda\x12\x00\
\xbd\x29\x70\x58\x2f\x39\x02\xcc\xa0\xc6\x04\x00\x5d\x25\x0f\x5d\
\x80\x97\x09\x00\x3a\xb2\xfc\xa9\xc6\x33\x49\x3b\x02\xa0\xaf\xd4\
\xab\x37\x83\x96\xaa\x52\x9f\xcd\xd4\x59\xd4\x9e\x00\x00\x38\x4f\
\x6a\x04\xd0\x90\x00\xe8\x29\xb5\xb8\x0d\x57\xa8\x29\x75\x26\xb5\
\x26\x00\xe8\xc2\xf2\xa7\x0b\xcf\x2a\x2d\x08\x00\x00\x08\x24\x00\
\xfa\x49\xbc\x6a\xf3\x89\x8a\x6e\x12\x9f\xd9\xc4\xd9\xd4\x9a\x00\
\x00\x18\x23\x31\x02\x68\x44\x00\x50\x9d\x21\x0a\x30\x80\x00\xe8\
\x25\xed\x8a\xcd\xf2\xa7\xbb\xb4\x67\x38\x6d\x46\xb5\x26\x00\x00\
\x20\x90\x00\xa0\xaa\xb4\x4f\x4e\xec\xcb\xb3\x4c\x49\x02\xa0\x0f\
\x57\x6b\x40\x07\x66\x55\x13\x02\x80\x8a\x7c\x62\x62\x37\x9e\x69\
\xca\x11\x00\x00\x10\x48\x00\xf4\x90\x74\xa5\xe6\x93\x12\xbb\x4a\
\x7a\xb6\x93\x66\x56\x5b\x02\x00\x00\x02\x09\x00\x2a\x49\xfa\x84\
\x44\x26\xcf\x38\x65\x08\x00\x00\x46\xf0\x35\x40\x71\x02\xa0\xbe\
\x94\x43\xe4\x93\x11\x29\x3c\xeb\x94\x20\x00\x00\x20\x90\x00\x00\
\x98\xcf\x2d\x00\xcb\x09\x00\x2a\x30\x0c\x01\x26\x13\x00\xb5\xa5\
\x7c\xff\x0f\xec\xc9\x0c\x2b\x4c\x00\xb0\x9a\x4f\xff\xa4\xf2\xec\
\xb3\x94\x00\x00\x80\x40\x02\x00\x00\x02\x09\x80\xba\x12\xbe\x3b\
\x73\x05\x4a\xba\x84\x33\x90\x30\xcb\x5a\x12\x00\x00\x10\x48\x00\
\x00\x40\x20\x01\xc0\x2a\x09\x57\x9f\xf0\x08\x67\x81\x25\x04\x00\
\x00\x04\x12\x00\x00\x8c\xe6\x0f\x02\x16\x24\x00\x6a\x72\x58\x20\
\x8b\xaf\x01\x98\x4e\x00\xb0\x82\x61\x07\xb0\x98\x00\x00\x80\x40\
\x02\x00\x00\x02\x09\x00\x00\x08\x24\x00\x98\xcd\xf7\xff\x70\x9d\
\xb3\xc1\x54\x02\xa0\x1e\x7f\x03\x00\x80\xe1\x04\x00\x00\x04\x12\
\x00\x00\x10\x48\x00\x00\xd4\xe1\xcf\x01\x30\x8d\x00\x60\x26\xc3\
\x0d\x32\x39\xfb\x05\x09\x00\x00\x08\x24\x00\x00\x20\x90\x00\x00\
\xa8\xc5\x75\x39\x53\x08\x00\x00\x46\x12\x34\x45\x09\x00\x00\x08\
\x24\x00\x00\xea\xf1\xa9\x99\xe1\x04\x00\xb3\x18\x68\x90\xc7\xb9\
\x2f\x4c\x00\x00\xd4\xd4\x7d\x79\x76\x7f\xfd\xdb\x13\x00\xb5\xf8\
\x3f\x02\x02\x60\x0a\x01\x00\x50\x57\xd7\x4f\xd1\x5d\x5f\x77\x14\
\x01\x00\x50\x9b\x65\xca\x10\x02\x00\xa0\xbe\x4e\x11\xd0\xe9\xb5\
\x46\x13\x00\x00\x9c\xc5\xf2\x6f\x44\x00\x00\xf4\x50\x7d\xb9\x56\
\x7f\x7d\x7c\x23\x00\x00\xfa\x78\xbb\xd4\x5c\xb4\x15\x5f\x13\x7f\
\x21\x00\x00\xfa\xa9\xb4\x70\x2b\xbd\x16\x9e\x20\x00\x00\x7a\x5a\
\xbd\x78\xab\xde\x46\xf0\x20\x01\x00\xd0\xd7\xaa\x25\x6c\xf1\x6f\
\x40\x00\x00\xf4\x37\x6b\x21\xfb\xd4\xbf\x91\xf7\xd5\x2f\x00\x80\
\x53\x7c\x5e\xcc\x67\xff\x6b\xc5\x2d\xfd\x0d\x09\x00\x80\xfd\xbc\
\x1a\x03\x16\x7e\x00\x01\x00\xb0\x37\xcb\x9c\xab\xfc\x19\x00\x00\
\x08\x24\x00\x00\x20\x90\x00\x00\x80\x40\x02\x00\x00\x02\x09\x00\
\x00\x08\x24\x00\x00\x20\x90\x00\x00\x80\x40\x02\x00\x00\x02\x09\
\x00\x00\x08\x24\x00\x00\x20\x90\x00\x00\x80\x40\x02\x00\x00\x02\
\x09\x00\x00\x08\x24\x00\x00\x20\x90\x00\x00\x80\x40\x02\x00\x00\
\x02\x09\x00\x00\x08\x24\x00\x00\x20\x90\x00\x00\x80\x40\x02\x00\
\x00\x02\x09\x00\x00\x08\x24\x00\x00\x20\x90\x00\x00\x80\x40\x02\
\x00\x00\x02\x09\x00\x00\x08\x24\x00\x00\x20\x90\x00\x00\x80\x40\
\x02\x00\x00\x02\x09\x00\x00\x08\x24\x00\x00\x20\x90\x00\x00\x80\
\x40\x02\x00\x00\x02\x09\x00\x00\x08\x24\x00\x00\x20\x90\x00\x00\
\x80\x40\x02\x00\x00\x02\x09\x00\x00\x08\x24\x00\x00\x20\x90\x00\
\x00\x80\x40\x02\x00\x00\x02\x09\x00\x00\x08\x24\x00\x00\x20\x90\
\x00\x00\x80\x40\x02\x00\x00\x02\x09\x00\x00\x08\x24\x00\x00\x20\
\x90\x00\x00\x80\x40\x02\x00\x00\x02\x09\x00\x00\x08\x24\x00\x00\
\x20\x90\x00\x00\x80\x40\x02\x00\x00\x02\x09\x00\x00\x08\x24\x00\
\x00\x20\xd0\xfb\xea\x17\x40\x8c\x8f\xd5\x2f\x00\x18\xe6\x6d\xf5\
\x0b\xe0\x79\x02\x00\x80\x57\xdd\x0a\x7c\x61\x50\x98\x00\x00\x60\
\x94\xcf\x61\x20\x06\x8a\x11\x00\x35\xb8\x1e\x07\x76\x27\x06\x8a\
\xf1\x87\x00\xd7\xfa\xb8\x58\xfe\x40\x1e\x73\xaf\x00\x37\x00\x6b\
\x78\xf8\x81\x74\xbf\xe6\xa0\xdb\x80\x45\xdc\x00\xcc\x67\xf9\x03\
\xfc\xe6\x26\x74\x11\x01\x30\x97\x87\x1c\xe0\x3a\xf3\x71\x32\x5f\
\x01\xcc\xe1\xc1\x06\xf8\x3b\x5f\x0b\x4c\xe4\x06\x60\x3c\xcb\x1f\
\xe0\x39\xe6\xe6\x04\x02\x60\x2c\x0f\x31\xc0\x31\xe6\xe7\x60\x02\
\x60\x1c\x0f\x2f\xc0\x6b\xcc\xd1\x81\x04\x00\x00\x95\x89\x80\x41\
\x04\xc0\x18\x1e\x58\x00\x4a\x13\x00\xe7\xb3\xfc\x01\xce\x65\xae\
\x0e\x20\x00\x00\xe8\x40\x04\x9c\x4c\x00\x9c\xcb\x03\x0a\x30\x8e\
\x19\x7b\x22\x01\x00\x00\x81\x04\xc0\x79\x94\x29\xc0\x78\x66\xed\
\x49\x04\x00\x00\x04\x12\x00\xe7\x50\xa4\x00\xb4\x22\x00\x00\xe8\
\xc6\x87\xae\x13\x08\x00\x00\x08\x24\x00\x00\x20\x90\x00\x78\x9d\
\xab\x28\x00\xda\x11\x00\x00\x74\xe4\xc3\xd7\x8b\x04\x00\x00\x04\
\x12\x00\x00\x10\x48\x00\x00\x40\x20\x01\x00\x00\x81\x04\x00\x00\
\x04\x12\x00\x00\x10\x48\x00\x00\x40\x20\x01\x00\x00\x81\x04\x00\
\x00\x04\x12\x00\x00\x10\x48\x00\x00\x40\x20\x01\x00\x00\x81\x04\
\x00\x00\x04\x12\x00\x00\x10\x48\x00\x00\x40\x20\x01\x00\x00\x81\
\x04\x00\x00\x04\x12\x00\x00\x10\x48\x00\x00\x40\x20\x01\x00\x00\
\x81\x04\x00\x00\x04\x12\x00\x00\x10\x48\x00\x00\x40\x20\x01\x00\
\x00\x81\x04\x00\x00\x04\x12\x00\x00\x10\x48\x00\x00\x40\x20\x01\
\x00\x00\x81\x04\x00\x00\x04\x12\x00\x00\x10\x48\x00\x00\x40\x20\
\x01\x00\x00\x81\x04\x00\x00\x04\x12\x00\x00\x10\x48\x00\x00\x40\
\x20\x01\x00\x00\x81\x04\x00\x00\x04\x12\x00\x00\x10\x48\x00\x00\
\x40\x20\x01\x00\x00\x81\x04\x00\x00\x04\x12\x00\x00\x10\x48\x00\
\x00\x40\x20\x01\x00\x00\x81\x04\x00\x00\x04\x12\x00\x00\x10\x48\
\x00\x00\x40\x20\x01\x00\x00\x81\x04\x00\x00\x04\x12\x00\x00\x10\
\x48\x00\x00\x40\x20\x01\x00\x00\x81\x04\x00\x00\x04\x12\x00\x00\
\x10\x48\x00\x00\x40\x20\x01\x00\x00\x81\x04\x00\x00\x04\x7a\x5f\
\xfd\x02\x80\xe1\xde\x0e\xfe\xf7\x3e\x4e\x7d\x15\x40\x29\x02\x00\
\xf6\x74\x74\xe9\xdf\xfa\x67\x88\x01\xd8\x8c\x00\x80\x7d\x9c\xb1\
\xf4\x1f\xf9\x67\x8b\x01\xd8\x80\x00\x80\xfe\x46\x2e\xfe\x7b\xff\
\x7b\x42\x00\x1a\x13\x00\xd0\xd7\xec\xc5\x7f\xeb\x7f\x5f\x08\x40\
\x43\x02\x00\xfa\x59\xbd\xf8\xbf\x13\x02\xd0\x90\xbf\x06\x08\xbd\
\x54\x5b\xfe\x9f\x55\x7e\x6d\xc0\x37\x02\x00\xfa\xe8\xb0\x60\x3b\
\xbc\x46\xe0\x22\x00\xa0\x8b\x4e\x8b\xb5\xd3\x6b\x85\x58\xfe\x0c\
\x00\xd4\xd6\x75\x99\xfa\x73\x01\x50\x9c\x1b\x00\xa8\xab\xeb\xf2\
\xff\x6c\x87\xf7\x00\x5b\x12\x00\x50\xd3\x4e\x8b\x73\xa7\xf7\x02\
\xdb\x10\x00\x00\x10\x48\x00\x40\x3d\x3b\x7e\x62\xde\xf1\x3d\x41\
\x6b\x02\x00\x6a\xd9\x79\x51\xee\xfc\xde\xa0\x1d\x01\x00\x75\x24\
\x2c\xc8\x84\xf7\x08\x2d\x08\x00\x00\x08\x24\x00\xa0\x86\xa4\x4f\
\xc6\x49\xef\x15\xca\x12\x00\x00\x10\x48\x00\xc0\x7a\x89\x9f\x88\
\x13\xdf\x33\x94\x22\x00\x00\x20\x90\x00\x80\xb5\x92\x3f\x09\x27\
\xbf\x77\x58\x4e\x00\x00\x40\x20\x01\x00\x00\x81\x04\x00\xac\xe3\
\x0a\xdc\xcf\x00\x96\x11\x00\x00\x10\x48\x00\x00\x40\x20\x01\x00\
\x6b\xb8\xfa\xfe\xcd\xcf\x02\x16\x10\x00\x00\x10\x48\x00\x00\x40\
\x20\x01\x00\x00\x81\x04\x00\x00\x04\x12\x00\x00\x10\x48\x00\x00\
\x40\x20\x01\x00\x00\x81\x04\x00\x00\x04\x12\x00\x00\x10\x48\x00\
\x00\x40\x20\x01\x00\x00\x81\x04\x00\x00\x04\x12\x00\x00\x10\x48\
\x00\x00\x40\x20\x01\x00\x6b\x7c\xac\x7e\x01\x85\xf8\x59\xc0\x02\
\x02\x00\x00\x02\x09\x00\x00\x08\x24\x00\x60\x1d\x57\xdf\x7e\x06\
\xb0\x8c\x00\x00\x80\x40\x02\x00\x00\x02\x09\x00\x58\x2b\xf9\x0a\
\x3c\xf9\xbd\xc3\x72\x02\x00\x00\x02\x09\x00\x58\x2f\xf1\x93\x70\
\xe2\x7b\x86\x52\x04\xc0\xeb\xde\x56\xbf\x00\xb6\x90\xb4\x10\x93\
\xde\x2b\xe3\x98\xbd\x2f\x12\x00\x00\x10\x48\x00\x40\x1d\x09\x9f\
\x8c\x13\xde\x23\xb4\x20\x00\x00\x20\x90\x00\x80\x5a\x76\xfe\x84\
\xbc\xf3\x7b\x83\x76\x04\x00\xd4\xb3\xe3\xa2\xdc\xf1\x3d\x41\x6b\
\x02\x00\x6a\xda\x69\x61\xee\xf4\x5e\x60\x1b\x02\x00\xea\xda\x61\
\x71\xee\xf0\x1e\x60\x4b\x02\x00\x6a\xb3\x40\x81\x21\x04\xc0\x39\
\xfc\x0b\x29\x00\xe6\x31\x73\x4f\x20\x00\x00\x20\x90\x00\x00\x80\
\x40\x02\x00\x6a\x73\xd5\x09\x0c\x21\x00\x80\x91\x04\x0c\x14\x25\
\x00\x00\x20\x90\x00\x38\x8f\x4f\x3a\x00\xe3\x99\xb5\x27\x11\x00\
\x00\x10\x48\x00\x40\x5d\x3e\xe9\x00\xc3\x08\x00\x00\x08\x24\x00\
\x80\xd1\xdc\x64\x40\x41\x02\x00\x00\x02\x09\x00\x00\x08\x24\x00\
\xce\xe5\xaa\x93\xb3\x78\x96\xe0\x4f\xce\xc5\x89\x04\x00\x00\x04\
\x12\x00\xc0\x0c\x3e\xb9\x41\x31\x02\xe0\x7c\x06\x1d\xc0\xf9\xcc\
\xd6\x93\x09\x00\x00\x08\x24\x00\x00\x20\x90\x00\x80\x7a\x5c\x75\
\x02\xc3\x09\x80\x31\x0c\x70\xf8\x93\x73\xc1\x51\x9e\x9d\x01\x04\
\x00\x00\x04\x12\x00\x00\x10\x48\x00\x00\x40\x20\x01\x30\x8e\xef\
\xac\x38\xc2\x73\x03\x5f\x39\x13\x83\x08\x00\x00\x08\x24\x00\x80\
\x99\x7c\x9a\x83\x22\x04\x00\x00\x04\x12\x00\x63\xf9\xb4\x03\x70\
\x9c\x19\x3a\x90\x00\x80\x3a\x0c\x3b\x60\x1a\x01\x00\x00\x81\x04\
\xc0\x78\x3e\xd5\xc1\x57\xce\x04\x8f\xf0\x9c\x0c\x26\x00\x00\x20\
\x90\x00\x00\x80\x40\x02\x60\x0e\x57\x59\x00\x8f\x33\x33\x27\x10\
\x00\x50\x83\x81\x07\x4c\x25\x00\x80\x15\x04\x0f\x2c\x26\x00\xe6\
\x31\xf0\x00\xfe\xce\xac\x9c\x44\x00\x00\x40\x20\x01\x30\x97\xb2\
\x05\xb8\xcd\x8c\x9c\x48\x00\xc0\x7a\x86\x1e\x30\x9d\x00\x00\x80\
\x40\x02\x60\x3e\x9f\xf6\xe0\x07\x67\x81\xcf\x3c\x0f\x93\x09\x00\
\x00\x08\x24\x00\x00\x20\x90\x00\x58\xc3\x55\x17\xbf\x78\x16\xc0\
\x39\x58\x42\x00\x00\x40\x20\x01\xb0\x8e\xe2\x05\xe7\x00\xcf\xc0\
\x32\x02\x00\x00\x02\x09\x80\xb5\x94\x2f\x90\xcc\x0c\x5c\x48\x00\
\x00\x40\x20\x01\xb0\x9e\x02\x26\xd9\xc7\xea\x17\xc0\x32\x66\xdf\
\x62\x02\x00\xd6\xb2\x00\x81\x25\xde\x57\xbf\x00\x2e\x97\xcb\x8f\
\x12\xb6\x08\x72\x7d\xfe\xdd\x27\x7c\x2a\xf2\xac\x93\xf0\x9c\x97\
\x27\x00\xa0\x16\xcb\x11\x98\xc2\x57\x00\x75\x28\x62\x20\x81\x59\
\x57\x84\x00\x00\x80\x40\x02\xa0\x16\x65\x0c\xec\xcc\x8c\x2b\x44\
\x00\x00\x40\x20\x01\x50\x8f\x42\x06\x76\x64\xb6\x15\x23\x00\x00\
\x20\x90\x00\xa8\x49\x29\x03\x3b\x31\xd3\x0a\x12\x00\x00\x10\x48\
\x00\xd4\xa5\x98\x81\x1d\x98\x65\x45\x09\x80\xda\x1c\x1c\xa0\x33\
\x33\xac\x30\x01\x00\x00\x81\x04\x40\x7d\x0a\x1a\xe8\xc8\xec\x2a\
\x4e\x00\x00\x40\x20\x01\xd0\x83\x92\x06\x3a\x31\xb3\x1a\x10\x00\
\x7d\x38\x50\x40\x07\x66\x55\x13\x02\x00\x00\x02\x09\x80\x5e\x94\
\x35\x50\x99\x19\xd5\x88\x00\x00\x80\x40\x02\xa0\x1f\x85\x0d\x54\
\x64\x36\x35\x23\x00\x7a\x72\xd0\x80\x4a\xcc\xa4\x86\x04\x00\x00\
\x04\x12\x00\x7d\x29\x6e\xa0\x02\xb3\xa8\x29\x01\xd0\x9b\x83\x07\
\xac\x64\x06\x35\x26\x00\xfa\x73\x00\x81\x15\xcc\x9e\xe6\x04\x00\
\x00\x04\x12\x00\x7b\x50\xe2\xc0\x4c\x66\xce\x06\x04\xc0\x3e\x1c\
\x48\x60\x06\xb3\x66\x13\x02\x60\x2f\x0e\x26\x30\x92\x19\xb3\x11\
\x01\x00\x00\x81\x04\xc0\x7e\x14\x3a\x30\x82\xd9\xb2\x19\x01\xb0\
\x27\x07\x15\x38\x93\x99\xb2\x21\x01\xb0\x2f\x07\x16\x38\x83\x59\
\xb2\x29\x01\x00\x00\x81\x04\xc0\xde\x94\x3b\xf0\x0a\x33\x64\x63\
\x02\x60\x7f\x0e\x30\x70\x84\xd9\xb1\x39\x01\x90\xc1\x41\x06\x9e\
\x61\x66\x04\x10\x00\x39\x1c\x68\xe0\x11\x66\x45\x08\x01\x90\xc5\
\xc1\x06\xee\x31\x23\x82\x08\x80\x3c\x0e\x38\x70\x8d\xd9\x10\x46\
\x00\x00\x40\x20\x01\x90\x49\xe9\x03\x9f\x99\x09\x81\x04\x40\x2e\
\x07\x1e\xb8\x5c\xcc\x82\x58\x02\x20\x9b\x83\x0f\xd9\xcc\x80\x60\
\x02\x00\x03\x00\x32\x39\xfb\xe1\x04\x00\x97\x8b\x41\x00\x69\x9c\
\x79\x04\x00\xff\x30\x10\x20\x83\xb3\xce\xe5\x72\x11\x00\x7c\x65\
\x30\xc0\xde\x9c\x71\xfe\x21\x00\xf8\xce\x80\x80\x3d\x39\xdb\x7c\
\x21\x00\xb8\xc6\xa0\x80\xbd\x38\xd3\xfc\x41\x00\x70\x8b\x81\x01\
\x7b\x70\x96\xb9\x4a\x00\x70\x8f\xc1\x01\xbd\x39\xc3\xdc\x24\x00\
\xf8\x1b\x03\x04\x7a\x72\x76\xb9\xeb\x7d\xf5\x0b\xa0\x85\x5f\x83\
\xe4\x63\xe9\xab\x00\x1e\x61\xf1\xf3\x10\x37\x00\x3c\xc3\x60\x81\
\xda\x9c\x51\x1e\x26\x00\x78\x96\x01\x03\x35\x39\x9b\x3c\x45\x00\
\x70\x84\x41\x03\xb5\x38\x93\x3c\x4d\x00\x70\x94\x81\x03\x35\x38\
\x8b\x1c\x22\x00\x78\x85\xc1\x03\x6b\x39\x83\x1c\x26\x00\x78\x95\
\x01\x04\x6b\x38\x7b\xbc\xc4\x5f\x03\xe4\x0c\xfe\x9a\x20\xcc\x63\
\xf1\x73\x0a\x37\x00\x9c\xc9\x60\x82\xb1\x9c\x31\x4e\x23\x00\x38\
\x9b\x01\x05\x63\x38\x5b\x9c\xca\x57\x00\x8c\xe0\x2b\x01\x38\x8f\
\xc5\xcf\x10\x6e\x00\x18\xc9\xe0\x82\xd7\x38\x43\x0c\x23\x00\x18\
\xcd\x00\x83\x63\x9c\x1d\x86\xf2\x15\x00\x33\xf8\x4a\x00\x1e\x67\
\xf1\x33\x85\x1b\x00\x66\x32\xd8\xe0\x3e\x67\x84\x69\xdc\x00\x30\
\x9b\xdb\x00\xf8\x93\xc5\xcf\x74\x6e\x00\x58\xc5\xc0\x83\x1f\x9c\
\x05\x96\x70\x03\xc0\x4a\x6e\x03\x48\x66\xf1\xb3\x94\x1b\x00\x2a\
\x30\x08\x49\xe3\x99\x67\x39\x37\x00\x54\xe1\x36\x80\x04\x16\x3f\
\x65\x08\x00\xaa\x11\x02\xec\xc8\xe2\xa7\x1c\x5f\x01\x50\x95\x81\
\xc9\x2e\x3c\xcb\x94\xe4\x06\x80\xca\xdc\x06\xd0\x99\xc5\x4f\x69\
\x02\x80\x0e\x84\x00\x9d\x58\xfc\xb4\xe0\x2b\x00\x3a\x31\x58\xa9\
\xce\x33\x4a\x1b\x6e\x00\xe8\xe6\xf3\x80\x75\x23\x40\x05\x96\x3e\
\x2d\x09\x00\x3a\xf3\xd5\x00\x2b\x59\xfc\xb4\x26\x00\xd8\x81\x10\
\x60\x26\x8b\x9f\x2d\x08\x00\x76\x22\x04\x18\xc9\xe2\x67\x2b\x02\
\x80\x1d\x09\x01\xce\x64\xf1\xb3\x25\x01\xc0\xce\x84\x00\xaf\xb0\
\xf8\xd9\x9a\x00\x20\x81\x10\xe0\x19\x16\x3f\x11\x04\x00\x49\xfc\
\x15\x42\x6e\xb1\xf4\x89\x23\x00\x48\xe5\x56\x80\xcb\xc5\xe2\x27\
\x98\x00\x20\x9d\x5b\x81\x3c\x96\x3e\x5c\x04\x00\x7c\x26\x06\xf6\
\x65\xe9\xc3\x37\x02\x00\xae\xf3\x15\xc1\x1e\x2c\x7e\xb8\x41\x00\
\xc0\x7d\x6e\x05\xfa\xb1\xf4\xe1\x01\x02\x00\x1e\xf7\x7d\xb1\x08\
\x82\x1a\x2c\x7c\x38\x40\x00\xc0\x71\x82\x60\x0d\x0b\x1f\x4e\x20\
\x00\xe0\x3c\x82\x60\x0c\x0b\x1f\x06\x10\x00\x30\x8e\x20\x38\xc6\
\xc2\x87\x09\x04\x00\xcc\x73\x6d\xb1\xa5\x47\x81\x65\x0f\x8b\x08\
\x00\x58\xeb\xde\x02\xdc\x25\x0e\x2c\x79\x28\x48\x00\x40\x5d\xb7\
\x16\x67\xd5\x30\xb0\xe8\xa1\x91\xff\x03\x45\x22\x3b\x4d\xbd\x38\
\x34\x49\x00\x00\x00\x00\x49\x45\x4e\x44\xae\x42\x60\x82\x4a\x64\
\x20\x9d\xa1\x44\x57\x23\x6f\x57\x53\x22\x03\xe9\x0c\x05\x9a\x02\
\x0b\x53\x28\x90\x81\x74\x86\xf2\xbc\x5b\x0a\x0b\xa5\xef\x52\x1e\
\x03\xe9\x0c\xc5\xf9\xaa\x0d\xac\xb4\xf9\x8a\xe2\x18\x48\x67\x28\
\x4d\x45\x37\x58\xea\x56\x41\x69\x0c\xa4\x33\x94\xe6\x4e\x58\xbb\
\x93\xd2\x18\x48\x67\x28\xcc\x86\x96\xb0\xd6\x72\x03\x85\x31\x90\
\xce\x50\x98\x11\x88\x60\x04\x85\x31\x90\xce\x50\x96\xe5\xf5\x10\
\x41\xbd\xe5\x94\xc5\x40\x3a\x43\x59\x2e\x41\x24\x97\x50\x16\x03\
\xe9\x0c\x45\xf9\xa4\x18\x91\x14\x7f\x42\x51\x0c\xa4\x33\x14\x65\
\x34\x22\x1a\x4d\x51\x0c\xa4\x33\x14\xa5\x2b\x22\xea\x4a\x51\x0c\
\xa4\x33\x94\xe4\xcb\x0c\x22\xca\x7c\x49\x49\x0c\xa4\x33\x94\xe4\
\x5e\x44\x76\x2f\x25\x31\x90\xce\x50\x92\x63\x11\xd9\xb1\x94\xc4\
\x40\x3a\x43\x41\x36\xd4\x46\x64\xb5\x37\x50\x10\x03\xe9\x0c\x05\
\x99\x85\x18\xcc\xa2\x20\x06\xd2\x19\x0a\x32\x11\x31\x98\x48\x41\
\x0c\xa4\x33\x14\xe4\x7a\xc4\xe0\x7a\x0a\x62\x20\x9d\xa1\x20\x03\
\x11\x83\x81\x14\xc4\x40\x3a\x43\x41\x4e\x42\x0c\x4e\xa2\x20\x06\
\xd2\x19\x0a\xd2\x15\x31\xe8\x4a\x41\x0c\xa4\x33\x14\xa4\x0d\x62\
\xd0\x86\x82\x18\x48\x67\x28\x48\x63\xc4\xa0\x31\x05\x31\x90\xce\
\x50\x90\x0e\x88\xc1\x5e\x14\xc4\x40\xba\x99\x14\xe4\x68\xc4\xe0\
\x48\x0a\x32\x13\xd2\x3d\x4e\x41\xce\x43\x0c\xce\xa1\x20\x8f\x43\
\xba\x09\x14\x64\x04\x62\x70\x25\x05\x99\x00\xe9\x6e\xa3\x20\xe3\
\x11\x83\x71\x14\xe4\x36\x48\x37\x92\x82\x3c\x8f\x18\x3c\x45\x41\
\x46\x42\xba\xcb\x29\xc8\x07\x88\xc1\x7b\x14\xe4\x72\x48\x77\x31\
\x05\xc9\xb5\x41\x64\x3b\xe5\x28\xc8\xc5\x90\xae\x1f\x25\x19\x8c\
\xc8\x2e\xa5\x24\xfd\x20\xdd\x89\x94\xe4\x75\x44\xf6\x2a\x25\x39\
\x11\xd2\x1d\x46\x49\xaa\x5a\x23\xa2\x16\x59\x4a\x72\x18\xa4\xeb\
\x4c\x51\x2e\x45\x44\x17\x51\x94\xce\x90\xee\x67\x14\x65\x36\x22\
\x9a\x45\x51\x7e\x06\xe9\x5a\x53\x94\xaa\x9d\x11\xc9\xee\x95\x14\
\xa5\x35\xa4\x6b\x40\x59\x1e\x41\x24\x53\x29\x4b\x03\x48\x97\xc9\
\x51\x94\x5c\x77\x44\xd0\x8b\xb2\xe4\x32\x10\xef\x5b\xca\xf2\x76\
\x06\xd6\x32\xef\x50\x96\x6f\x21\xdf\x57\x14\x26\x80\xb5\xb3\x28\
\xcc\x57\x90\xef\x23\x0a\xb3\xbc\x01\x2c\x95\x2e\xa5\x30\x1f\x41\
\xbe\x37\x28\xcd\xcd\xb0\x74\x2b\xa5\x79\x03\xf2\x4d\xa4\x34\xb9\
\x5f\xc2\xca\x05\x14\x67\x22\xe4\x1b\x46\x71\xca\x0f\x83\x85\xde\
\x95\x14\x67\x18\xe4\xeb\x4b\x79\xd6\x75\x42\xde\x3a\xac\xa3\x3c\
\x7d\x21\xdf\xde\x14\xe8\xcb\x5d\x90\xa7\x1d\x17\x53\xa0\xbd\x21\
\x5f\x49\x96\x02\x7d\xd8\x04\xf9\x31\x14\x28\x5b\x02\x07\x7c\x4c\
\x89\xce\x42\x7e\x9e\xa5\x40\x1f\xc3\x05\x33\x29\x51\x47\xe4\x67\
\x14\x05\x9a\x09\x17\x8c\xa1\x40\x9b\x8b\x91\x9f\x53\x28\xd0\x18\
\xb8\xe0\x22\x0a\xf4\x2e\xf2\xd4\x8e\x02\x5d\x04\x17\x1c\x4a\x81\
\x26\x20\x5f\xeb\x28\xcf\xa1\x70\x41\x2b\x0a\x34\x10\xf9\x7a\x8d\
\xf2\xb4\x82\x13\xd6\x51\x9e\x9e\xc8\xd7\x58\x8a\xb3\x0e\x6e\x78\
\x87\xe2\x54\xd5\x47\xbe\x02\x8a\xf3\x0e\xdc\x30\x99\xe2\x7c\x84\
\xbc\xed\x4f\x71\x26\xc3\x0d\xc3\x29\xce\x13\xc8\x5b\xed\x0a\x4a\
\x33\x1c\x6e\x38\x8d\xe2\x5c\x85\xfc\xbd\x4f\x69\x4e\x83\x1b\x3a\
\x52\x9c\x63\x91\xbf\x87\x28\x4d\x47\xb8\xa1\x68\x35\xa5\x69\x85\
\xfc\x0d\xa1\x30\xab\x8b\xe0\x88\xe9\x14\x66\x05\x2c\x1c\x4a\x61\
\xa6\xc3\x15\x83\x28\x8c\x81\x85\x46\x14\x66\x10\x5c\xb1\x37\x85\
\xb9\x11\x36\x3e\xa3\x2c\x7b\xc3\x19\xcb\x29\xcb\x2f\x61\x63\x3a\
\x45\x59\x0e\x77\x3c\x4a\x59\xf6\x84\x8d\x11\x14\xe5\x51\xb8\xe3\
\x7c\x8a\xb2\xb1\x08\x36\x4e\xa4\x28\xe7\xc3\x1d\xed\x28\xca\x5c\
\x58\x69\x4b\x51\xda\xc1\x21\x8b\x29\xc9\x3d\xb0\xb3\x8a\x82\x2c\
\x86\x4b\x1e\xa0\x24\x17\xc2\xce\x4b\x14\xe4\x01\xb8\xa4\x1f\x25\
\xe9\x0a\x3b\xb7\x52\x90\x7e\x70\x49\x6b\x0a\x92\xad\x03\x3b\x67\
\x53\x90\xd6\x70\xca\x87\x94\xe3\x03\x58\xea\x48\x39\x3e\x84\x5b\
\xee\xa2\x1c\x7f\x80\xa5\xe2\xcd\x14\xe3\x2e\xb8\xe5\x14\xca\x71\
\x39\x6c\xbd\x4b\x31\x4e\x81\x5b\x9a\x56\x51\x8c\xde\xb0\x35\x81\
\x52\x54\x35\x85\x63\xde\xa1\x18\xcd\x60\x6b\x10\xa5\x78\x07\xae\
\x19\x42\x29\x96\xc1\x5a\x4f\x4a\x31\x04\xae\x69\x59\x49\x21\x66\
\xc0\x5a\xfd\x1c\x65\xa8\x6c\x09\xe7\xcc\xa0\x10\xa3\x60\x6f\x11\
\x65\x98\x01\xf7\x9c\x46\x21\x4e\x81\xbd\x27\x28\xc3\xe9\x70\x4f\
\x9d\x75\x94\x61\x77\xd8\xbb\x8a\x22\xac\xab\x03\x07\x8d\xa7\x08\
\xeb\x32\xb0\x77\x1c\x45\x18\x0f\x17\xf5\xa2\x08\xaf\x21\x82\xd6\
\x14\xa1\x17\x5c\x94\xf9\x94\x12\x8c\x45\x14\x2b\x28\xc0\xa7\x19\
\x38\x69\x24\x25\x08\x10\x85\xa1\x00\x23\xe1\xa6\x3d\x28\xc1\xfe\
\x88\x22\xa4\x00\x7b\xc0\x51\x73\x58\x78\x15\xb5\x11\xc5\x19\x2c\
\xbc\x39\x70\xd5\xc5\x2c\xbc\xf7\x11\xc9\x9e\x2c\xbc\x8b\xe1\xaa\
\x26\x5b\x58\x70\x0f\x21\x92\xa2\x8d\x2c\xb4\x2d\x4d\xe0\xac\xa7\
\x58\x70\x43\x10\xcd\x9b\x2c\xb4\xa7\xe0\xae\x3e\x2c\xb8\x43\x11\
\xcd\x3d\x2c\xb4\x3e\x70\x57\xc9\x4a\x16\x5a\x23\x44\x73\x11\x0b\
\x6c\x65\x09\x1c\x76\x25\x0b\xec\x33\x44\xd4\x8d\x05\x76\x25\x5c\
\xd6\x60\x2d\x0b\x6b\x3a\x22\x2a\xcd\xb2\xa0\xd6\x36\x80\xd3\x46\
\xb2\xb0\xae\x41\x54\x0b\x59\x50\x23\xe1\xb6\xa6\xdf\xb2\xa0\xfa\
\x20\xaa\xc7\x58\x48\xdf\x36\x85\xe3\x6e\x66\x41\x1d\x85\xa8\xc6\
\xb3\x90\x6e\x86\xeb\x5a\x6d\x66\x21\xf5\x41\x54\x93\x58\x40\x9b\
\x5b\xc1\x79\x77\xb1\x90\x26\x21\xa2\xba\x2b\x59\x40\x77\xc1\x7d\
\xbb\x54\xb0\x80\x2a\xbb\x23\x9a\x9b\x59\x40\x15\xbb\xc0\x03\x0f\
\xb2\x90\x2a\xae\xda\x33\x03\x5b\x75\x7a\x3e\xc3\x42\x7a\x10\x3e\
\x68\x9f\x65\x61\x6d\x58\x61\xab\x82\x05\x95\x6d\x0f\x2f\x4c\xa1\
\xb2\x32\x05\x7e\xd8\x37\x47\x65\x21\xb7\x2f\x3c\xf1\x47\x2a\x0b\
\x7f\x84\x2f\xba\x52\x59\xe8\x0a\x6f\xcc\xa2\xca\xdb\x2c\xf8\x63\
\xff\x2c\x55\x9e\xb2\xfb\xc3\x23\x63\xa9\xf2\x34\x16\x3e\x69\xb8\
\x9c\x2a\x2f\xcb\x1b\xc2\x2b\xfd\xa8\xf2\xd2\x0f\x9e\x79\x85\x2a\
\x0f\xaf\xc0\x37\x7b\x57\x50\x55\x5b\xc5\xde\xf0\xce\x8d\x54\xd5\
\x76\x23\xfc\x53\xf7\x73\xaa\x6a\xfa\xbc\x2e\x3c\xd4\x97\xaa\x9a\
\xfa\xc2\x4b\xcf\x51\x55\xcb\x73\xf0\xd3\xee\x9b\xa9\xaa\x61\xf3\
\xee\xf0\xd4\x35\x54\xd5\x70\x0d\x7c\xb5\xc3\x22\xaa\xed\x5a\xb4\
\x03\xbc\x75\x34\xd5\x76\x1d\x0d\x8f\x3d\x46\xb5\x1d\x8f\xc1\x67\
\x0d\x3f\xa1\xda\xa6\x4f\x1a\xc2\x6b\x07\x6e\xa1\xda\x86\x2d\x07\
\xc2\x73\x83\xa8\xb6\x61\x10\xbc\x37\x95\xea\x27\x4d\x85\xff\x1a\
\x7d\x4a\xf5\x13\x3e\x6d\x84\x14\xe8\x5c\x4e\xb5\x55\xe5\x9d\x91\
\x0a\x97\x51\x6d\xd5\x65\x48\x89\x69\x54\x5b\x31\x0d\x69\xd1\xe8\
\x33\xaa\x1f\xf9\xac\x11\x52\xa3\x4b\x39\xd5\x0f\x94\x77\x41\x8a\
\x0c\xa6\xfa\x81\xc1\x48\x95\xe9\x54\xdf\x33\x1d\xe9\xd2\x78\x31\
\xd5\x7f\x58\xdc\x18\x29\xd3\x71\x0d\xd5\xbf\xad\xe9\x88\xd4\xf9\
\xf9\x26\xaa\x7f\xd9\xf4\x73\xa4\xd0\x09\x95\x54\xff\x54\x79\x02\
\x52\x69\x40\x8e\xea\x3b\xb9\x01\x48\xa9\xa1\x54\xdf\x19\x8a\xd4\
\xba\x85\x8a\xb7\x20\xbd\x32\x93\x98\x7a\x93\x32\x48\xb1\xe2\x99\
\x4c\xb9\x99\xc5\x48\xb5\xd2\x39\x4c\xb5\x39\xa5\x48\xb9\x26\x0b\
\x98\x62\x0b\x9a\x20\xf5\xda\x2c\x61\x6a\x2d\x69\x03\x85\x3d\xbf\
\x61\x4a\x7d\xb3\x27\xd4\x77\xba\xac\x66\x2a\xad\xee\x02\xf5\x4f\
\x1d\x96\x31\x85\x96\x75\x80\xfa\x97\xb6\x1f\x32\x75\x3e\x6c\x0b\
\xf5\x6f\xcd\xde\x64\xca\xbc\xd9\x0c\xea\x3f\xd4\x7d\x9e\xa9\xf2\
\x7c\x5d\xa8\xef\x29\x9e\xcc\x14\x99\x5c\x0c\xf5\x03\x99\x31\x4c\
\x8d\x31\x19\xa8\x1f\xbb\x82\x29\x71\x05\xd4\x56\x05\x95\x4c\x81\
\xca\x00\xea\x27\x9c\xb0\x89\xde\xdb\x74\x02\xd4\x4f\xea\xb9\x86\
\x9e\x5b\xd3\x13\x6a\x1b\xf6\x59\x46\xaf\x2d\xdb\x07\x6a\x9b\x9a\
\xbf\x40\x8f\xbd\xd0\x1c\x6a\x3b\x32\x57\x55\xd2\x53\x95\x57\x65\
\xa0\xb6\xaf\xd7\x32\x7a\x69\x59\x2f\xa8\x6a\x69\xfe\x3c\x3d\xf4\
\x7c\x73\xa8\x6a\xca\x0c\xab\xa4\x67\x2a\x87\x65\xa0\xaa\xef\xe7\
\x4b\xe9\x95\xa5\x3f\x87\xca\x4b\xb3\x99\xf4\xc8\xcc\x66\x50\x79\
\xca\x0c\xad\xa4\x27\x2a\x87\x66\xa0\xf2\xd7\x63\x29\xbd\xb0\xb4\
\x07\x94\x95\xa6\xcf\xd2\x03\xcf\x36\x85\xb2\xd5\x6f\x39\x1d\xb7\
\xbc\x1f\x54\x04\x8d\xc6\x65\xe9\xb0\xec\xb8\x46\x50\xd1\x1c\xf0\
\x26\x9d\xf5\xe6\x01\x50\x91\x65\x2e\x58\x45\x27\xad\xba\x20\x03\
\x15\x87\x66\x0f\xe4\xe8\x9c\xdc\x03\xcd\xa0\xe2\xd2\xe3\xaf\x74\
\xcc\x5f\x7b\x40\xc5\xa8\xd6\xe0\xf5\x74\xc8\xfa\xc1\xb5\xa0\xe2\
\xd5\xfa\x51\x3a\xe3\xd1\xd6\x50\xf1\x3b\x62\x01\x9d\xb0\xe0\x08\
\xa8\x44\x64\x4e\x79\x8f\xe2\xbd\x77\x4a\x06\x2a\x31\xc7\xcd\xa1\
\x68\x73\x8e\x83\x4a\xd6\xe1\x2f\x51\xac\x97\x0e\x87\x4a\x5e\xf7\
\x19\x14\x69\x46\x77\xa8\x9a\xb1\xff\x93\x55\x14\xa6\xea\xc9\xfd\
\xa1\x6a\xce\x5e\x0f\x57\x52\x90\xca\x87\xf7\x82\xaa\x59\xed\xee\
\x2f\xa7\x10\xe5\xf7\xb7\x83\xaa\x79\xad\x87\x2d\xa4\x00\x0b\x87\
\xb5\x86\x2a\x90\xce\x63\xbf\x66\x41\x7d\x3d\xb6\x33\x54\x21\x95\
\x9c\x38\x75\x0b\x0b\x64\xcb\xd4\x13\x4b\xa0\x0a\xae\xc9\x25\x73\
\x59\x00\x73\x2f\x69\x02\x25\xc4\x1e\xa3\x16\xb3\x46\x2d\x1e\xb5\
\x07\x94\x24\x99\x43\x1e\x58\xcf\x1a\xb2\xfe\x81\x43\x32\x50\xe2\
\xd4\x39\xea\xc6\xb7\xb3\x4c\x58\xf6\xed\x1b\x8f\xaa\x03\x25\x55\
\xa3\x3e\x77\xcc\xcf\x31\x21\xb9\xf9\x77\xf4\x69\x04\x25\x5d\x8b\
\xd3\xef\x5b\xc4\xd8\x2d\xba\xef\xf4\x16\x50\xae\x68\x3b\xe0\xe1\
\x65\x8c\xcd\xb2\x87\x07\xb4\x85\x72\x4d\xfb\x0b\xc7\xcd\x5a\x92\
\x63\x24\xb9\x25\xb3\xc6\x5d\xd8\x1e\xca\x59\xa5\x9d\x4e\x1b\x3e\
\xf9\x9d\x75\xcc\xdb\xba\x77\x26\x0f\x3f\xad\x53\x29\x94\x17\x5a\
\x1d\x7a\xd1\x98\x99\x1f\x67\x59\x0d\xd9\x8f\x67\x8e\xb9\xe8\xd0\
\x56\x50\xfe\x29\x69\xdb\xe1\xa0\xde\x27\xf7\x1f\x74\xe5\xe8\x71\
\x13\xa7\x9a\x39\xf3\x17\xaf\x2a\x2f\x5f\xb5\x78\xfe\x1c\x33\x75\
\xe2\xb8\xd1\x57\x0e\xea\x7f\x72\xef\x83\x3a\xb4\x2d\x41\x9a\xfc\
\x2f\xb6\xd5\x33\x67\x10\xfb\x83\x7c\x00\x00\x00\x00\x49\x45\x4e\
\x44\xae\x42\x60\x82\
\x00\x00\x0a\x8e\
\x89\
\x50\x4e\x47\x0d\x0a\x1a\x0a\x00\x00\x00\x0d\x49\x48\x44\x52\x00\
\x00\x00\x99\x00\x00\x00\x99\x08\x03\x00\x00\x00\x0b\x82\x68\x88\
\x00\x00\x02\xb5\x50\x4c\x54\x45\x00\x00\x00\x00\x00\x00\x00\x00\
\x00\x00\x00\x00\x00\x00\x00\x00\x00\x00\x00\x00\x00\x00\x2b\x00\
\x00\x24\x00\x00\x20\x00\x00\x1c\x00\x00\x1a\x00\x00\x17\x00\x00\
\x15\x00\x00\x14\x00\x00\x12\x00\x00\x11\x00\x00\x10\x00\x00\x0f\
\x00\x00\x0e\x00\x00\x0d\x00\x00\x0d\x00\x00\x0c\x00\x00\x17\x00\
\x00\x16\x00\x00\x15\x00\x00\x14\x00\x00\x14\x00\x00\x13\x00\x00\
\x12\x00\x00\x12\x00\x00\x11\x00\x00\x10\x00\x00\x10\x00\x00\x0f\
\x00\x00\x0f\x00\x00\x0f\x00\x00\x0e\x00\x00\x0e\x00\x00\x15\x00\
\x00\x14\x00\x00\x14\x00\x00\x13\x00\x00\x13\x00\x00\x12\x00\x00\
\x12\x00\x00\x17\x00\x00\x17\x00\x00\x1c\x00\x00\x21\x00\x00\x26\
\x00\x00\x25\x00\x00\x2a\x00\x00\x2e\x00\x00\x33\x00\x00\x32\x00\
\x00\x36\x00\x00\x3a\x00\x00\x3c\x00\x00\x41\x00\x00\x44\x00\x00\
\x46\x00\x00\x49\x00\x00\x4d\x00\x00\x4f\x00\x00\x52\x00\x00\x55\
\x00\x00\x58\x00\x00\x56\x00\x00\x5f\x00\x00\x5e\x00\x00\x60\x00\
\x00\x62\x00\x00\x66\x00\x00\x69\x00\x00\x6b\x00\x00\x69\x00\x00\
\x6d\x00\x00\x6f\x00\x00\x71\x00\x00\x6f\x00\x00\x70\x00\x00\x71\
\x00\x00\x75\x00\x00\x75\x00\x00\x78\x00\x00\x7a\x00\x00\x7b\x00\
\x00\x7b\x00\x00\x7d\x00\x00\x80\x00\x00\x80\x00\x00\x81\x00\x00\
\x82\x00\x00\x81\x00\x00\x84\x00\x00\x86\x00\x00\x86\x00\x00\x87\
\x00\x00\x8a\x00\x00\x8a\x00\x00\x8b\x00\x00\x8c\x00\x00\x8d\x00\
\x00\x8e\x00\x00\x92\x00\x00\x91\x00\x00\x92\x00\x00\x93\x00\x00\
\x94\x00\x00\x95\x00\x00\x95\x00\x00\x96\x00\x00\x96\x00\x00\x98\
\x00\x00\x99\x00\x00\x9a\x00\x00\x9b\x00\x00\x9c\x00\x00\x9d\x00\
\x00\x9b\x00\x00\x9c\x00\x00\x9f\x00\x00\xa0\x00\x00\xa1\x00\x00\
\xa1\x00\x00\xa2\x00\x00\xa1\x00\x00\xa3\x00\x00\xa4\x00\x00\xa3\
\x00\x00\xa4\x00\x00\xa5\x00\x00\xa5\x00\x00\xa7\x00\x00\xa6\x00\
\x00\xa7\x00\x00\xa7\x00\x00\xa7\x00\x00\xa8\x00\x00\xa8\x00\x00\
\xa8\x00\x00\xa8\x00\x00\xa9\x00\x00\xab\x00\x00\xab\x00\x00\xac\
\x00\x00\xad\x00\x00\xac\x00\x00\xac\x00\x00\xae\x00\x00\xad\x00\
\x00\xad\x00\x00\xae\x00\x00\xaf\x00\x00\xaf\x00\x00\xb0\x00\x00\
\xaf\x00\x00\xaf\x00\x00\xb1\x00\x00\xb0\x00\x00\xb1\x00\x00\xb2\
\x00\x00\xb2\x00\x00\xb2\x00\x00\xb3\x00\x00\xb3\x00\x00\xb4\x00\
\x00\xb3\x00\x00\xb4\x00\x00\xb4\x00\x00\xb5\x00\x00\xb5\x00\x00\
\xb4\x00\x00\xb6\x00\x00\xb6\x00\x00\xb5\x00\x00\xb6\x00\x00\xb7\
\x00\x00\xb7\x00\x00\xb7\x00\x00\xb8\x00\x00\xb7\x00\x00\xb8\x00\
\x00\xb8\x00\x00\xb9\x00\x00\xb8\x00\x00\xb8\x00\x00\xba\x00\x00\
\xb9\x00\x00\xb9\x00\x00\xba\x00\x00\xb9\x00\x00\xba\x00\x00\xba\
\x00\x00\xb9\x00\x00\xba\x00\x00\xba\x00\x00\xba\x00\x00\xba\x00\
\x00\xba\x00\x00\xba\x00\x00\xbb\x00\x00\xbb\x00\x00\xbb\x00\x00\
\xbb\x00\x00\xbc\x00\x00\xbb\x00\x00\xbc\x00\x00\xbc\x00\x00\xbc\
\x00\x00\xbc\x00\x00\xbd\x00\x00\xbd\x00\x00\xbd\x00\x00\xbc\x00\
\x00\xbd\x00\x00\xbe\x00\x00\xbd\x00\x00\xbd\x00\x00\xbe\x00\x00\
\xbd\x00\x00\xbe\x00\x00\xbe\x00\x00\xbf\x00\x00\xbe\x00\x00\xbe\
\x00\x00\xbe\x00\x00\xbf\x00\x00\xbf\x00\xff\xff\xff\x3c\xd1\x18\
\x4f\x00\x00\x00\xe5\x74\x52\x4e\x53\x00\x01\x02\x03\x04\x05\x06\
\x06\x07\x08\x09\x0a\x0b\x0c\x0d\x0e\x0f\x10\x11\x12\x13\x14\x15\
\x16\x17\x18\x19\x1a\x1b\x1c\x1d\x1e\x1f\x20\x21\x22\x23\x24\x25\
\x25\x26\x27\x28\x29\x2a\x2b\x2c\x2d\x2d\x2e\x2f\x30\x31\x32\x32\
\x33\x34\x35\x37\x37\x38\x3a\x3b\x3c\x3d\x3e\x3f\x40\x41\x43\x44\
\x45\x46\x46\x49\x4a\x4b\x4b\x4c\x4d\x4e\x50\x51\x53\x55\x55\x56\
\x57\x59\x5a\x5a\x5c\x5d\x5e\x5f\x5f\x61\x63\x64\x64\x66\x67\x68\
\x69\x6a\x6e\x6f\x70\x71\x72\x73\x74\x75\x77\x77\x7b\x7c\x7d\x7e\
\x7f\x80\x81\x85\x86\x87\x88\x89\x8b\x8b\x8c\x8d\x8f\x90\x91\x93\
\x95\x96\x99\x9a\x9b\x9c\x9e\x9f\xa1\xa3\xa4\xa5\xa7\xa8\xa9\xa9\
\xab\xac\xae\xaf\xb0\xb1\xb2\xb3\xb4\xb5\xb6\xb7\xb9\xbc\xbc\xbd\
\xbe\xc0\xc1\xc2\xc4\xc5\xc6\xc7\xc8\xc9\xca\xcb\xcc\xcd\xcf\xd0\
\xd0\xd1\xd2\xd4\xd5\xd5\xd7\xd8\xd9\xda\xda\xdb\xdf\xdf\xe0\xe1\
\xe2\xe3\xe4\xe6\xe7\xe8\xe9\xe9\xea\xeb\xec\xed\xee\xee\xef\xf0\
\xf1\xf3\xf3\xf4\xf5\xf7\xf8\xf8\xf9\xfa\xfb\xfc\xfd\xfe\xcc\xcb\
\x9e\x74\x00\x00\x00\x01\x62\x4b\x47\x44\xe6\xc1\x6c\x5a\x05\x00\
\x00\x06\x96\x49\x44\x41\x54\x18\x19\xed\xc1\x89\x7f\x9b\x75\x1d\
\x07\xf0\xef\x93\xa3\x34\x69\xd7\x23\xb4\x4b\xdb\x25\x6d\xda\x24\
\xcd\xf5\x7c\xd2\x75\xa7\x3b\x04\xbb\x4d\x2e\xa7\x9b\x9c\x02\x8a\
\x9b\x83\xa9\x4c\x50\x04\xe4\x18\xa0\xe8\xa4\xa2\xa2\xce\x0b\x87\
\x07\x1e\x53\x74\x88\x82\x0e\xa6\x0c\x98\xd7\x18\xc2\x50\xc0\xc1\
\xc6\xa8\xcc\x2d\xf9\xfe\x1f\xa2\xf8\x24\xcf\x37\x4d\x9e\xe7\x97\
\x36\x79\x8a\xaf\xd7\xf3\x7e\x93\xcb\xe5\x72\xb9\x5c\x2e\x97\xcb\
\xe5\x72\xb9\x5c\x4a\xb4\xb6\xf9\x7d\x6f\x08\xf7\x86\x3a\xdb\xfd\
\xf4\x96\xa1\x75\x44\xb3\x30\xc9\x25\xa2\xa7\xb7\xd2\xdc\xf3\xf5\
\x65\x50\x45\x66\x20\x48\x73\xca\x1f\xd1\x51\x4b\x22\xa4\xd1\x5c\
\xf1\xf6\xe9\xb0\x92\xec\xa4\xb9\xe1\x1d\x85\x9d\xa8\x87\xe6\x80\
\x27\x0e\x7b\xc9\x56\x72\x9c\x36\x04\x15\x99\x56\x72\xda\x02\xa8\
\x49\xb7\x90\xb3\xc2\x50\x95\xd0\xc8\x49\x21\xa8\x9b\x4f\x0e\xea\
\xd0\x51\xe1\xc6\x7b\x7f\xf1\xd4\x8b\x47\x9f\xff\xdd\xfd\x77\x6c\
\x40\x05\xbd\x85\x1c\x13\xcc\xa1\xc2\x5d\x5c\xf6\xe4\x27\xc7\x20\
\x0c\x90\x53\x5a\x32\xa8\xb0\x83\x85\x7d\xeb\x61\xa6\xfb\xc8\x19\
\xbe\x14\x2a\x7c\x8e\x2b\x1c\xdb\x0c\xb3\x5e\x72\x84\x37\x81\x0a\
\x77\xf2\x34\x53\x97\xc3\x64\x98\x9c\xe0\x19\x41\x85\x4f\x73\x15\
\x2f\xac\x45\x99\xee\xa5\xe6\xd3\x86\x50\xe1\x76\xae\xea\x27\x30\
\xe9\xa0\xe6\x5b\x80\x0a\xdb\x8b\x5c\xdd\x07\x51\xd6\x43\x4d\xd7\
\x8f\x0a\xb7\x16\xb9\x86\x87\x50\xb6\x80\x9a\xad\x17\x15\x3e\x55\
\xe4\x9a\xde\x8d\x92\x61\x6a\xb2\x6e\x54\xb8\xa5\xc8\xb5\x4d\xa2\
\x24\x41\xcd\xd5\xa1\x43\xba\xa1\xc0\x16\xf6\xa2\x24\x49\x4d\xd5\
\xae\x43\xba\xbe\xc0\x56\xfe\xb5\x0c\x86\x34\xd5\xc3\xd7\x12\x08\
\xb6\x07\x4f\xf3\x69\xa4\x26\x98\x83\xf4\xb1\x53\x6c\x6d\x13\x0c\
\x69\x52\x14\xe8\x8d\xc4\x73\x30\xe4\x12\x83\x7d\xa1\x76\x2f\x59\
\x0b\x64\x21\x5d\x7d\x8a\x6d\x7c\x16\x86\x24\xa9\x08\xf4\xa7\x50\
\xcd\x68\xe4\xf4\xa0\x46\xb5\x9c\x96\x81\x74\xe5\x09\xb6\xb3\x1d\
\x86\x11\xb2\x17\x88\xc1\x42\xda\x4f\xd5\xf9\xd3\x90\xb6\xbc\xce\
\xb6\xae\x83\x21\x46\x76\xb4\x7e\x1d\x96\x52\x7e\xaa\xc6\x37\x0a\
\xe9\xf2\xd7\xd8\xde\x46\x18\x22\x64\xc3\x17\x87\x9d\x94\x8f\xa6\
\xf3\x26\x20\x5d\x76\x9c\xed\xbd\x32\x06\x43\x98\xac\xf9\x53\xb0\
\x97\xf4\x51\x25\x4f\x1c\xd2\x05\x47\x59\xc1\x4e\x94\x74\x91\x25\
\x6f\x12\x2a\x92\x3e\x92\xb4\x61\x48\xe7\xbf\xcc\x0a\x0a\x1b\x51\
\x12\x24\x4b\x43\x50\x93\xf0\x92\x99\x16\x83\xb4\xfe\x05\x56\xf1\
\x6d\x94\x79\xc9\x4a\x37\x54\x25\xbc\x54\xa6\x0d\x41\x7a\xd7\xdf\
\x59\xc5\xe1\x33\x50\x92\x22\x2b\x9e\x0c\x94\xc5\x3d\x64\xd0\x06\
\x21\x9d\xf3\x1c\xab\x38\xfa\x5e\x94\x45\xc9\x4a\x0f\x2a\xad\xfc\
\xd0\x4d\x5f\xf8\xf2\x57\xee\xd9\x71\xf3\x95\xe7\x8d\x43\x1a\xf6\
\xd0\xff\x44\x20\xad\x3b\xc4\x2a\x5e\xbf\x02\x26\x3d\x64\x25\x09\
\xe1\x8c\xdb\xf6\x17\xb8\xe4\xd0\x1a\x48\x31\x8d\xfe\x6b\x01\xa4\
\x33\xff\xc4\x2a\x0a\xdb\x60\x16\x24\x0b\x01\x98\x8d\xdf\x79\x8c\
\x85\x27\x57\x41\x8a\x6a\xf4\x86\x01\x48\xab\xf6\xb3\x92\x5b\x61\
\x96\xd5\xc8\x42\x3f\x4c\xde\xfe\x2b\xae\xf4\xc8\x52\x48\x11\x22\
\xea\x83\xb4\x7c\x2f\x2b\xf9\x12\x84\x30\x59\x49\xa1\x6c\xf9\x63\
\x3c\xdd\x03\xe3\x90\xfa\xa9\x0f\xd2\xe2\x3d\xac\xe4\xfe\x3c\xcc\
\xb2\x5e\xb2\xe0\x81\xc9\x0f\xb9\x9a\x7b\xf3\x90\x46\x20\x8d\xef\
\x66\x25\x0f\x2e\x82\x10\x26\x2b\x6d\x28\xbb\x8a\xab\xbb\x1b\x96\
\xc6\x7e\xc0\x4a\xf6\xaf\x80\x90\xf6\x92\x95\x1e\x94\xed\xe3\x1a\
\xee\x80\x85\xfc\x37\x59\xc9\x33\x13\x10\xb2\x01\xb2\x34\x80\x92\
\x0b\xb9\x96\xc2\x27\x50\xdb\x3d\xac\xe4\xa5\xf3\x20\xe8\x6d\x64\
\x2d\x8a\x92\x49\xae\xe9\xe4\x56\xd4\x72\x17\x2b\x99\xba\x0c\x52\
\x27\xd9\x88\xa1\xe4\x51\xae\xed\xb5\xf7\xa1\xba\xdb\x58\xc9\xc9\
\xad\x90\x7a\xc8\x4e\x1c\x86\xfc\x71\xb6\x70\xe4\x3d\xa8\xe6\x86\
\x22\xab\x28\x5e\x0f\x29\x4c\xb6\x92\x30\x9c\xc5\x96\x9e\x3d\x0b\
\xd3\x5d\x5d\x60\x25\x9f\x87\x14\x21\x7b\x49\x18\x2e\x66\x6b\x07\
\xd7\xa2\xd2\xe6\x13\xac\xe4\x1b\x90\x62\x1a\xd9\x8b\xc3\xb0\x85\
\x6d\xfc\x79\x02\xd2\x25\xc7\x59\xc9\xcf\x16\x42\x88\x7b\x48\xc1\
\x08\x0c\x1f\x61\x3b\x4f\xac\x82\xd9\xc6\x97\x59\xc9\xc3\x4b\x20\
\xa4\x7c\xa4\x22\x06\xc3\x55\x6c\x6b\xdf\x0a\x94\xbd\xf3\x59\x56\
\x72\x60\x35\x84\x4c\x0b\x29\x19\x84\x61\x13\xdb\xfb\xf5\x52\x18\
\xde\x71\x90\x95\x1c\x9a\x80\x90\x0b\x90\x9a\x7e\x18\xce\x67\x05\
\xbf\x5c\x82\x37\xad\x7c\x82\x95\xfc\x63\x3d\x04\x7d\x1e\x29\xea\
\x81\x61\x82\x55\xec\x1e\xc7\x7f\x2c\xfb\x0d\x2b\x79\xf5\x42\x48\
\xdd\xa4\xaa\x0b\x86\x85\x87\x59\xc5\xf7\xc6\x00\x2c\xfa\x39\x2b\
\x39\xb1\x09\x52\x0f\x29\x0b\xa2\x64\xe3\x2b\xac\x62\x57\x1e\xf9\
\x5d\xac\xa4\x70\x0d\xa4\x01\x52\xe7\x43\xd9\xa5\x53\xac\xe2\x6b\
\xf8\x2a\xab\xd9\x0e\x29\x4a\xf5\xc8\xa2\x6c\x5b\x81\x55\xec\x65\
\x35\x93\x90\x86\x35\xaa\xc7\x30\x4c\x6e\xe1\x06\xfa\x16\xa4\xb8\
\x87\xea\xd2\x0f\xb3\x2f\x72\xc3\xfc\x74\x21\x84\x94\x8f\xea\xd3\
\x0d\xb3\xfc\x2e\x6e\x90\x87\x97\x40\x48\xfb\xa9\x4e\x01\x08\x8b\
\xf6\x70\x43\x1c\x58\x0d\x21\x1b\xa0\x7a\x69\x19\x08\x2b\x1e\xe7\
\x06\x78\x7a\x02\x42\xae\x8d\xea\x17\xc8\x41\x38\xf3\x69\x9e\xb5\
\xbf\x9d\x0b\x41\xef\xa4\x99\xe8\x84\xb4\xe1\x28\xcf\xd2\xb1\x0b\
\x20\x85\x68\x66\xc2\x90\xae\x38\xc1\xb3\x32\xf5\x7e\x48\xbd\x34\
\x53\x51\x48\x1f\x2f\xf2\x2c\x9c\xdc\x0a\x69\x80\x66\xcc\x13\x87\
\x34\xc9\x33\x57\xb8\x16\x52\x94\x66\xc1\x97\x86\x90\xbf\x8f\x67\
\x6c\x3b\xa4\x21\x8d\x66\x23\x90\x83\xb0\xe8\x21\x9e\xa1\x1d\x90\
\xe2\x1e\x9a\x9d\x4e\x48\x2b\x0f\xf0\x8c\xec\x84\x94\xf4\xd2\x6c\
\xcd\x87\x74\xf6\x8b\x3c\x03\xf7\xe5\x21\xa4\xfd\x34\x7b\x51\x48\
\x17\xff\x93\xeb\xf6\xc0\x38\x84\x4c\x2b\x35\x80\x36\x02\xe9\x9a\
\x22\xd7\xe9\x91\xa5\x10\x72\x41\x6a\x08\x6f\x0a\xd2\xdd\x5c\x9f\
\xa7\x56\x43\xd0\xdb\xa9\x41\x5a\xb2\x10\xf2\x3f\xe2\x7a\x1c\x9c\
\x80\xa0\x77\x52\xc3\xb4\xe9\x10\x96\xfd\x9e\xd5\x1d\x3e\x1b\x52\
\x88\x1a\xa8\x0b\xd2\xda\xe7\x58\xd5\x91\x0d\x90\x7a\xa8\xa1\xc2\
\x90\x2e\x9a\x62\x35\xaf\x5e\x04\x29\x4c\x0d\x16\x81\xb4\xad\xc8\
\x2a\xa6\x3e\x00\x69\x80\x1a\x4d\x1b\x86\x34\xc9\x0a\x4e\x7e\x18\
\x52\x94\x1a\xcf\x9b\x82\x90\xff\x31\xdb\x2a\x5c\x0b\x29\xa6\x51\
\x13\xb4\x64\x20\xac\xf8\x03\xdb\x28\xde\x04\x69\xc4\x43\x4d\x11\
\xcc\x41\x38\xe7\x08\x5b\xfb\x0c\xa4\x84\x97\x9a\xa4\x43\x87\xb0\
\xf9\x14\x5b\x99\x84\x94\xf2\x51\xd3\x84\x20\xdd\xce\x16\x76\x42\
\x4a\xfb\xa9\x89\xfa\x20\x7d\x87\x6b\xfa\x6e\x1e\x42\xb6\x95\x9a\
\x2a\x02\x61\xf1\x6f\xb9\x86\xdd\xe3\x10\x72\x41\x6a\x2e\x6d\x18\
\xc2\xba\xbf\x72\x55\x7b\x16\x43\xc8\xb5\x53\xb3\x79\x12\x10\xd6\
\xfc\x91\xab\x78\xf4\x6d\x10\xf4\x0e\x6a\x3e\x7f\x1a\xc2\xc4\x63\
\x3c\xcd\xe3\x2b\x21\x75\x91\x13\x02\x59\x08\xe3\x93\x05\x96\xfe\
\x32\x01\x29\x44\xce\x68\xd7\x21\x5d\xf2\x20\x9b\x3d\xb3\x0e\x52\
\x2f\x39\xa5\x43\x47\x85\x4b\xbf\xfe\x3c\xbf\xe9\xa5\xef\x7f\x74\
\x39\xa4\x30\x39\x27\x84\x69\xc6\xce\xdd\x72\xe3\xcd\xd7\x6d\x59\
\x83\x69\x06\xc8\x49\xf3\xa1\x2c\x42\xce\xea\x87\xa2\x41\x8d\x1c\
\x16\x85\x92\x98\x46\x4e\xd3\x62\x50\x30\xe2\x21\xe7\x79\x12\xb0\
\x95\xf0\xd2\x5c\xf0\x8d\xc2\xc6\xa8\x8f\xe6\x86\xa7\x63\x50\x87\
\x85\xb4\x9f\xe6\x8e\x37\x34\x98\x45\x55\xa3\xfd\xf3\x3c\x34\xc7\
\x02\x3d\x91\x78\x0e\x26\x99\x58\x5f\xa7\x9f\xde\x2a\xfc\x81\x79\
\x5d\xa1\x50\xa8\xbb\xb3\xad\x45\x23\x97\xcb\xe5\x72\xb9\x5c\x2e\
\x97\xcb\xe5\x72\xb9\xfe\x1f\xfc\x1b\xb8\x27\xad\x6a\x77\x41\xf3\
\x63\x00\x00\x00\x00\x49\x45\x4e\x44\xae\x42\x60\x82\
\x00\x00\x09\xd1\
\x89\
\x50\x4e\x47\x0d\x0a\x1a\x0a\x00\x00\x00\x0d\x49\x48\x44\x52\x00\
\x00\x00\xe1\x00\x00\x00\xe1\x08\x03\x00\x00\x00\x09\x6d\x22\x48\
\x00\x00\x00\x93\x50\x4c\x54\x45\x00\x00\xff\xff\xff\xff\x7d\x7d\
\xff\xf7\xf7\xff\xfc\xfc\xff\xf4\xf4\xff\x45\x45\xff\xc1\xc1\xff\
\x9b\x9b\xff\x4c\x4c\xff\x57\x57\xff\x66\x66\xff\x8c\x8c\xff\xfa\
\xfa\xff\xe9\xe9\xff\x08\x08\xff\x36\x36\xff\xc6\xc6\xff\xee\xee\
\xff\xd7\xd7\xff\xbb\xbb\xff\x92\x92\xff\xdf\xdf\xff\xab\xab\xff\
\xe6\xe6\xff\xdd\xdd\xff\xf1\xf1\xff\xcf\xcf\xff\x98\x98\xff\x75\
\x75\xff\x2b\x2b\xff\x55\x55\xff\xa4\xa4\xff\x30\x30\xff\x16\x16\
\xff\x20\x20\xff\x84\x84\xff\xb5\xb5\xff\x62\x62\xff\x3c\x3c\xff\
\x87\x87\xff\xa0\xa0\xff\x65\x65\xff\x70\x70\xff\x50\x50\xff\xb6\
\xb6\xff\xc9\xc9\xff\x5b\x5b\xff\x73\x73\xff\x63\x2d\x63\xf8\x00\
\x00\x08\xf9\x49\x44\x41\x54\x78\x9c\xed\x9d\x69\x9b\xb2\x3a\x0c\
\x86\x8b\xe0\x3e\xb8\x80\x20\x8a\x3b\x2e\xe3\xeb\x32\xe7\xff\xff\
\xba\xa3\xa3\x8e\x33\x4a\x5a\x68\x43\x5b\xb8\x78\x3e\x7b\x95\xde\
\x52\xda\x34\x6d\x12\x62\xa4\x97\x65\xd9\xb6\xf9\x94\x6d\x5b\x16\
\x47\x2b\xb2\x44\xd2\xfd\xdc\xec\xf8\xfe\x79\x5f\x69\xd5\x96\x2b\
\x72\x57\x54\xdb\x56\x26\x1b\xd7\x0f\xc6\x76\x36\x5d\x14\x54\x0a\
\x42\xcb\x0f\x07\xde\x57\x44\x00\xd5\xa6\xfb\x7a\x18\x64\xd7\x53\
\x5e\x25\x25\xb4\xdd\xd3\xe4\x6b\x05\xd1\x3d\x34\x6b\x37\x4e\x7e\
\xa6\xfd\x4d\xaf\x64\x84\xce\xb0\xd2\xec\xb2\xf0\x6e\x5a\xb5\x3e\
\x4e\x4e\xc6\x9d\x4e\xa5\x24\x84\xfe\x7a\x0e\x8e\xcd\xd8\x37\xd9\
\xf2\x3a\x99\x77\x3c\xb1\xd8\x84\x7e\x65\x99\x06\xef\x5b\xdd\xd9\
\x5a\x1b\x46\x16\xe1\xe8\x90\x1a\xef\xae\x4f\x4d\xc6\x2a\x9d\x30\
\x98\xf0\xf2\x5d\x14\x2d\xb4\x78\x8f\x34\xc2\xf1\x20\xfd\xf8\xfc\
\xa3\x56\x5f\x03\x53\x80\x42\xe8\xae\xc5\xf8\x2e\xea\x36\xd4\x2f\
\x90\x20\xa1\xb9\x69\x0a\x03\x5e\xb4\xed\xcb\xa4\x89\x13\x44\x38\
\xf6\x66\x18\x80\x84\xf4\x86\x8a\x8d\x39\x80\xd0\xd9\x26\x5c\xe0\
\xd9\x5a\x7d\x54\xe5\x22\xbd\x28\x9e\xd0\x67\xda\x67\x69\xd4\x56\
\xba\x6e\xc4\x12\x86\xa8\x80\x84\x34\x55\xce\x37\x31\x84\x56\x5f\
\x70\x91\x78\x57\x4d\xa1\x39\xfe\x4e\x68\xd5\x77\xd8\x80\x84\x1c\
\x47\x0a\xd8\x6e\x7a\x27\x3c\xd7\xf0\x01\x2f\xdf\xa2\xb2\xb7\xf8\
\x46\xe8\xa2\x2c\x83\xef\x9a\xaa\xfa\x16\x5f\x09\x9d\x8c\x00\x09\
\xf1\x14\x2d\x1a\xaf\x84\xff\xb2\x02\x24\x64\xa3\x04\xf0\x95\x50\
\x64\x2f\xc1\xd4\x59\x03\xc2\x7e\x96\x80\x64\xa6\xe4\x53\xfc\x43\
\xe8\x67\x32\x8d\x3e\x75\x50\x4d\x68\x8a\x6f\x97\x18\x52\xf1\x29\
\xfe\x26\x3c\xa5\xd9\x4e\xac\x76\xf3\xab\x6a\xa9\xb6\x20\x3d\x05\
\xab\xe2\x2f\x42\xff\x2b\x61\x3f\xa3\xe9\xa2\xee\xfa\x41\xe7\xaa\
\x20\xf0\xc3\x93\x77\x4c\x8a\x58\x51\x4a\xb8\x48\xd4\xc7\x9d\x17\
\x9a\xf6\x8b\x73\xc2\x32\x9d\xfe\x3a\xd1\x76\x6b\x36\x90\x8b\x67\
\xfc\x26\x0c\xd9\xe3\xad\xdb\xfb\xa4\x0c\xb3\x01\xec\xf1\x7f\x4a\
\xfe\x4e\xea\x87\xd0\xfc\x64\xf2\xcd\xf7\x8c\xee\xb9\x6b\xa6\xd1\
\xde\x1d\x66\x4d\xf4\xaa\x1f\xc2\x90\xd5\xb7\x9e\x37\x66\x37\x17\
\x4e\x59\x83\x75\x2b\x7b\x51\x7c\x10\x5a\xff\x31\x7a\x36\xaf\x27\
\x6a\xcf\x5c\xb0\x5e\xa3\xec\x15\xe3\x41\x38\x62\xf4\xab\xed\x26\
\x6d\xf1\xbc\xa5\xb7\xf4\x25\xd9\x4f\xfc\x20\x64\x38\xef\x0f\x29\
\xc6\x96\xcf\x68\x4b\xf2\x74\x7a\x27\x74\x18\x6f\x30\xc1\x27\xf8\
\x54\xa7\x4d\x6d\x6c\x6e\x66\x01\x02\xea\x4e\x48\x9f\x48\xff\xa5\
\x74\xce\x3b\xf4\x81\x2a\xd7\xa3\x71\x23\xb4\xa9\xd3\xc3\x31\xb5\
\x4f\x37\xa0\xee\xa3\xe5\x1a\xe0\x37\xc2\x0d\xcd\x7d\xd8\xe4\x30\
\x26\x5d\xea\xa2\x21\x75\xb7\x7f\x23\xa4\xcd\x0d\x3d\xae\x93\x07\
\xea\x56\x5a\xea\xaa\xff\x4d\xe8\x52\xf6\x85\xdd\x05\xd7\xb9\xc3\
\x78\x4e\x21\x3c\xe2\x32\xd0\xf5\x4d\xb8\xa0\x0c\xd2\x36\xa7\x0d\
\x42\x73\x17\x44\x32\xed\x9a\x2b\xa1\x45\xd9\xf9\x46\xbc\x26\x48\
\xb5\x42\x19\x17\x7b\x4c\x04\x86\xae\x84\x34\x17\xe9\x21\xd5\x4a\
\xf8\x5b\x21\x65\xa7\xb1\x45\x24\x60\xe9\x4a\xb8\x81\x27\x3e\xee\
\x57\x78\x79\x89\x1f\x30\xe1\x4e\xe2\x92\x78\x21\xb4\x3c\xb8\x2b\
\x2d\xee\x57\x68\x18\x75\x78\xc3\x19\x49\x9c\x4d\x2f\x84\x01\xc5\
\x02\xf1\x04\x9a\x76\x28\xdb\x95\x0f\x34\x00\xa6\x08\xf5\x83\x89\
\x12\xef\x28\xe2\x44\x99\xa2\xd3\x19\xba\x42\xba\x10\xd6\xe1\xbf\
\x5a\x6c\xe1\x1a\xc1\x33\x58\x2d\x44\xea\x3f\x5b\xc4\x30\x29\x9f\
\xe1\x42\xac\xf1\x29\x3c\x38\xe4\xed\x83\x89\xd1\x69\xc1\x84\x82\
\x06\xe4\x10\x1e\xa6\x82\xff\x5d\x0a\x11\x23\x80\x3f\xc3\x9d\x60\
\xe3\x41\x0f\x6c\xfa\x43\xda\x1d\x14\x42\xf3\x5f\x7c\x8a\xb6\x0e\
\x1b\xa7\xff\xa4\x19\x6e\x84\x66\x40\x0a\xdf\x67\x82\xcd\xc1\x9a\
\xd0\x2c\x9d\x46\xc4\x58\x80\xbd\xe8\x0a\x7b\x6f\x37\x60\xdb\x91\
\xb4\xdb\x60\x84\x62\x76\x8b\x3b\x54\x28\x5f\x40\x32\xe7\x24\x82\
\x88\x0d\x5b\x34\x9f\xe2\x77\x27\x61\x42\x69\x1e\x37\x62\xc3\xbb\
\xdf\xa1\x38\x21\x7c\xf7\x68\x21\xeb\xea\x29\x31\xe1\xc5\x02\xc1\
\xee\x80\x2f\x3e\x78\xb2\x7c\x8a\xc4\x84\x07\x12\xc2\x71\x26\xec\
\xa5\xac\xc8\xb2\x4c\x29\x84\x3b\x84\x25\x6b\x08\xb6\x7e\x90\x75\
\xcc\x46\x21\xc4\x38\x60\x80\x17\xdb\x2f\x59\x4b\x3e\x85\x70\x8a\
\x30\x8e\xe0\xe5\x82\xc7\x0b\xcb\x25\x02\x9f\x58\x60\x7c\x29\x70\
\xeb\x3b\x69\x84\x01\xd8\x87\x4f\x04\xd7\xb4\x05\xb6\x3e\x93\xe5\
\xaa\x21\x2e\xd8\x07\x8c\xf9\x1c\x26\x8c\x34\x20\x9c\x60\x10\x82\
\xab\x6d\x57\x96\xe9\x4d\xe0\xf3\xfb\x3d\xc2\x16\xce\x82\x8d\x1a\
\x69\x84\x67\xb0\x0b\x28\x76\x15\x7c\x6c\x57\x14\x42\xf8\xb6\x94\
\x34\x42\xd8\xd3\x86\x60\x78\x1b\x06\x7c\x93\x4c\x96\xb7\x8d\x0c\
\xc0\x2e\xa0\xb8\xc3\xe0\x23\x7d\x59\xf7\x69\xc9\x29\x5b\x42\xd8\
\xa1\x28\x6b\x93\x4f\x60\x47\x03\xca\x1e\x15\x3e\x63\x93\x46\x08\
\x5b\xff\x28\x84\xf0\xf6\xa9\x28\x84\xb0\x43\xbd\x28\x84\x8d\xc2\
\x13\xee\x0b\x4f\x18\xd4\x21\x49\xdb\xe3\x2f\xb2\x25\x54\x2f\x02\
\x7f\x28\xd2\x7c\xb6\xd9\x8a\x42\xa8\x3c\x0a\x1b\x47\x25\x61\xfe\
\x45\xd4\x2f\xc9\x19\x8b\xc0\xf7\x7a\x4a\xc2\x9c\x08\x87\xd0\xb2\
\x9d\xfa\x64\x7d\xd8\x1e\x9b\xbb\xde\x32\xba\xaa\xfb\x10\xd8\x3c\
\x86\xae\x0f\x58\x45\xd1\xac\xb7\xab\x1d\xdb\x95\x7d\x58\x8d\xd9\
\xb4\x13\x04\xe3\x7f\xec\x36\x32\x8b\x1e\x4e\xa7\xa8\xd2\x0f\x5e\
\xfd\x67\x44\x78\x03\x37\xae\x4f\x91\x53\x30\x08\x69\xb7\x18\xfd\
\x7d\x91\xc2\x84\x6e\xb2\xa0\x35\x89\xaa\x2d\xfe\x1c\x18\x08\x12\
\x56\x87\x19\x07\xd6\x72\x69\x5b\xff\xf5\x1a\xc5\x08\xfd\x4a\xaa\
\x34\x67\xd2\xb4\x9c\x3c\x4f\x95\x84\x08\x47\xb4\xeb\xea\x6a\x55\
\xf9\x39\x92\x10\x21\x74\xd1\x73\xa0\x20\xea\xf8\x40\x24\x93\x5a\
\x33\x5e\xcc\x0b\x92\x3e\x7c\x6b\x4d\x07\xd5\xee\xcb\x06\x31\x2c\
\x48\x0c\x40\x6a\x44\x85\x0e\xba\x0f\xd4\x94\xf9\x4b\x9f\xb2\x98\
\x51\xb5\xaa\x75\x8f\x79\xe0\x26\x3c\xe9\xb4\xcc\xc7\x6b\xd9\x17\
\x21\x0c\x74\x1f\xa3\x57\x1d\x3a\xfc\x84\x96\xa7\x9b\x25\x13\xa7\
\xef\xc0\x71\x4e\x42\x5a\x2c\x98\x46\x9a\xfb\xbc\x84\x56\xa6\x79\
\x6c\x10\x35\xe0\x25\x1c\x25\x4e\x84\xa1\x58\x5b\x87\x8f\xd0\x82\
\x1d\xe5\xba\x69\xc4\x47\xe8\xd0\x83\xb5\x75\xd2\x86\x8f\x10\x3b\
\xeb\x60\x86\xda\xda\x3c\x84\x36\x25\xca\x46\x3b\x99\x3c\x84\x66\
\x7e\x06\x29\x21\xe3\xc2\x13\xba\x85\x27\xac\x17\x9e\x70\x53\x78\
\xc2\x61\xe1\x09\xf7\x85\x27\x6c\x94\x84\xb9\x27\xfc\x28\x09\x4b\
\x42\xed\x55\x12\xe6\x9f\x70\x5d\x78\xc2\x4a\x49\x58\x12\x6a\xaf\
\x92\xb0\x24\xd4\x5f\x25\x61\x3c\x21\x7e\x79\x81\x59\x7b\xbf\x19\
\x6c\x1a\x07\xfc\x9b\x01\x7c\x84\x94\x9c\x3d\x1c\x5a\xd5\x26\xcf\
\xa8\xf1\xc0\xdb\xe1\x9e\xdb\x71\x11\x56\x51\x09\x9b\xc3\xbf\xb1\
\xaa\xe3\x06\xea\xc9\x9d\xf2\x77\x38\x5b\xbf\xc7\x74\xbb\x98\x17\
\xe5\x54\x13\x2e\x87\x71\xc1\xc6\x8e\x87\x77\xd5\x4a\x31\xe1\x6c\
\x13\x1f\x6b\x5c\xc5\x3b\x44\x57\x4b\xb8\x02\xc3\x54\xf1\x0a\x51\
\xa8\x25\xa4\x24\x14\xb6\xb0\xee\x7a\x28\x25\x5c\xd2\x02\xfe\x3b\
\x48\xb3\x8d\x52\x42\x7a\x60\xd5\x02\xe7\x21\x2a\x09\x67\xf4\xa7\
\x04\x38\xc5\xd1\x54\x12\x36\x18\x4f\xa1\x64\x78\x4d\x21\x95\x84\
\xac\x14\x3c\x94\x9c\x9c\x29\xa4\x90\xb0\xc9\x4a\x0e\x83\x73\x41\
\x57\x21\xe1\x9a\x95\x3a\x25\x40\x79\x8c\x42\x42\x66\x52\x0a\x87\
\x92\x2f\x3b\xb9\x14\x12\x6e\x58\x84\xb4\xd4\xb1\xc9\xa5\x90\xf0\
\xc4\x7c\x4c\xde\x09\x99\xc9\x61\x72\x4f\xc8\xcc\x42\x3b\x46\xb1\
\xbe\x15\x12\xb6\x59\xab\x05\xa3\x98\x4b\x42\x29\x24\x8c\x58\xe9\
\xe0\x70\x6a\x15\xaa\xb4\x69\x58\x69\x94\xce\x28\xbb\x60\x3e\x4f\
\x14\xce\xde\xed\x3f\xc6\xff\xa8\xd0\x2e\xad\x22\x45\x8c\xd2\x87\
\xa9\x8b\xe3\xab\xe1\x23\x44\x72\xf7\x51\xcb\x12\x58\x28\x16\x8d\
\x62\x42\x6a\x62\x41\xac\xa2\xaf\x4a\x09\xc9\x01\x36\xbe\x3b\x58\
\xcf\x50\x4b\xd8\x9d\x40\x8f\xb0\x59\xa5\xfc\x12\x4b\x2d\x21\x59\
\xed\xe3\x4d\x37\x1b\x2f\x30\x4e\x31\xe1\xc5\x76\x8b\x4b\x35\xd4\
\x41\x9a\x65\xae\x52\x4e\x48\xda\x6f\xd3\x8d\x15\x26\x2d\x6a\x9b\
\x44\xea\x09\xdf\x0b\x30\x30\x2a\xef\xa5\x94\x06\x84\x6f\x25\x82\
\x3b\xa8\x41\x55\x3a\x12\x3a\x45\x23\x9c\x16\x9e\xf0\xed\x78\xc6\
\x41\x0d\xc0\xd5\x91\x10\xcd\x9c\xf9\x16\xd7\xed\xcb\x92\x30\x9d\
\xde\xea\xe8\x15\x8e\xb0\xa5\x23\x21\xce\xb9\xd7\x5d\x5a\x12\xa2\
\xa6\xfc\x28\x3e\x61\xb3\x24\x14\x53\x49\x28\x81\xb0\xf6\x46\x88\
\x3a\x91\x69\x40\xf8\x56\xa0\xaf\x83\x7a\x05\x53\x03\xc2\xde\xab\
\x23\x23\x80\x2b\xb4\x72\x48\x47\x42\xbf\xf0\x84\x23\xd4\x1c\x70\
\x3a\x12\xd2\x2b\xcf\xa7\x95\x06\x84\xd1\x2b\x21\x5c\x17\x86\x47\
\x3a\x10\xbe\x36\x8f\xe5\xcf\xbf\x49\x03\xcb\xfb\xed\x1c\x11\x37\
\x7f\x91\x06\xbb\x27\xf2\xf5\xb7\x75\x07\x37\x22\xc1\xd3\x80\xf0\
\xa5\x36\x30\xce\xc1\xe8\x8f\xb8\xa2\xd5\xb1\x09\x67\xbf\xf3\xdb\
\xc3\x35\x53\xf8\xa4\x05\x21\x59\x3e\x6f\x0f\x0d\xb1\x13\xa2\xea\
\x41\x48\x48\x3b\x1c\x9b\xa6\xe9\xf4\x31\x4f\x2c\x6e\xd2\x85\xf0\
\xb2\xf0\xb7\xa7\x5b\x54\x73\xed\x2e\x3e\x42\x4d\x72\x5b\x27\x12\
\x1f\x61\x1e\xb2\x42\x3e\x54\x12\xc6\xca\x44\x3d\xe0\xcb\x58\xc5\
\xcf\xde\x52\x12\xc6\x13\xc2\xe5\xe2\xf4\x13\x17\xa1\x8d\x16\x58\
\x26\x41\x7c\x84\x79\xca\x9b\xc8\x45\x68\xc1\xa5\xc6\xf4\x13\x1f\
\x61\x7e\x12\xb4\x72\x12\xa2\xef\x70\xb2\x14\x1f\x21\x4e\xcc\x95\
\x1c\xf1\x11\xba\xf9\xc9\x41\xcb\x97\xfb\xd2\x08\xf2\x91\xcd\xfb\
\xaa\x2e\x57\x0e\x5a\x63\x8c\x78\x77\x30\x63\x55\xac\xa2\x67\xbb\
\x3e\x73\x66\x2c\x77\xf3\xb2\x07\x3e\x76\x38\x09\x71\x82\xae\x24\
\x68\x68\xf1\x56\x0e\x08\xf3\x31\xd7\x34\x47\xfc\xf5\x2d\x72\x51\
\xfd\x81\x08\x54\x7f\x30\xfc\x3c\x7c\x89\xed\x40\x80\xd0\x18\xea\
\xbf\xea\x8b\x55\x61\x41\x8b\xda\xc9\x4e\xdd\xdb\x79\x08\x37\xa1\
\xe1\xe8\x3e\xd9\xac\x05\xab\x21\x19\xc6\x28\x0b\x17\x35\x9e\x5a\
\xf7\x90\x23\x01\x42\xbd\xab\x92\xb5\x1e\x41\xb8\x22\x84\x3a\x17\
\x63\x99\xfe\x44\x19\x0b\x11\x1a\xbe\x56\xe5\x2b\x9f\x9a\x4d\x9e\
\x61\xd4\x62\x84\xc6\x78\x8f\x7b\xa6\x8f\xa3\xf9\xe0\x57\x24\xbc\
\x20\xe1\xc5\x7e\xab\xe8\x66\xdd\xcc\x1a\x7f\x42\xa9\x84\x09\xaf\
\x95\x56\x75\x62\x5c\x7d\x84\x2f\x95\x56\x85\x09\xaf\xd5\x72\x11\
\x33\xc8\x89\xa9\x37\x19\xbd\xc6\xa5\x62\x10\x5e\x2b\x1e\x87\xeb\
\x8a\x62\xad\xbd\x8d\x5b\x35\xdf\x23\x36\xff\x07\x4a\x9c\xbb\xf5\
\xb8\x69\xd7\x12\x00\x00\x00\x00\x49\x45\x4e\x44\xae\x42\x60\x82\
\
\x00\x00\x11\x78\
\x89\
\x50\x4e\x47\x0d\x0a\x1a\x0a\x00\x00\x00\x0d\x49\x48\x44\x52\x00\
\x00\x00\x99\x00\x00\x00\x99\x08\x06\x00\x00\x00\x3c\x5c\x98\xba\
\x00\x00\x00\x06\x62\x4b\x47\x44\x00\xff\x00\xff\x00\xff\xa0\xbd\
\xa7\x93\x00\x00\x11\x2d\x49\x44\x41\x54\x78\xda\xed\x9d\x09\x54\
\xd4\xd5\x1e\xc7\xd9\xc1\xd2\x57\xa6\xa9\xa9\xa9\x45\xb9\x04\x03\
\x28\xb8\x97\xbb\xb6\x68\xa5\xad\xfa\xac\x5e\x56\x6e\x21\x2e\x39\
\x33\x30\xcc\x0c\x8e\xa6\x68\x9a\x4b\xb6\xe9\x79\x95\x65\x99\x4b\
\xcf\x4a\xad\x40\x30\x37\x50\x41\x86\x59\x20\x57\x64\x53\x51\x4a\
\x53\x84\x01\x19\x08\xef\xbb\xbf\xb1\x21\x97\x81\xb9\x7f\x98\x99\
\x3b\x33\xfc\x3e\xe7\xdc\xe3\xc9\xa3\xf1\xf7\x37\xdf\xb9\xf7\x77\
\x7f\xdb\xdf\xc3\x03\x41\x10\x04\x41\x10\x04\x41\x10\x04\x41\x10\
\x04\x41\x10\x04\x41\x10\x04\x41\x10\x04\x41\x10\x04\x41\x10\x04\
\x41\x10\x04\x41\x10\x04\x41\x10\x04\x41\x10\x04\x41\x10\x04\x41\
\x10\x04\x41\x10\x04\x41\x10\x04\x41\x10\x04\x41\x10\x04\x41\x10\
\x04\x41\x10\xa4\x69\xa0\xda\x43\x02\xc4\x07\xca\xda\xc4\xa6\x91\
\xb6\xe6\xa5\xd2\x93\x36\xaa\x23\xe4\x1e\x55\x0e\xf9\x97\x4a\x4d\
\xee\xd8\x42\x88\x77\x93\x32\x0a\x21\xc4\x73\xce\x41\xd2\x4c\x7a\
\x9c\xb4\x50\x69\xc9\xdd\xb2\x63\xa4\x95\x4a\x5d\xda\x3a\x26\xa5\
\xa4\x25\xfc\x37\x35\x4e\xf3\xa8\x1c\xe2\x0f\x7f\x0e\x25\x54\xa7\
\x11\x3d\x63\xb2\x48\x4b\x85\x9e\x74\x53\xea\x48\x4f\x96\x45\x85\
\x17\x1c\x93\x49\x1e\x8a\x55\x93\xfb\xc0\xc6\x1e\xee\x65\x5f\xe2\
\x09\x82\x8a\x56\x5f\xed\xa4\xca\x22\xdd\x63\xb5\x24\x4c\x88\x61\
\x14\x5a\xf2\x30\xfd\xb5\xa3\x2c\x9d\xb4\x5a\x71\x86\x34\x6b\xea\
\xe2\x8b\x56\x93\xbb\x64\x69\xc6\x47\x58\x6d\x58\xe7\x4a\xaf\x0a\
\xa5\xff\xaf\x4e\xb0\xd3\xb9\xf4\x8e\x65\xda\xb6\xa9\x50\x1a\x6d\
\x90\x9b\x57\x10\x1c\x11\x4d\xf0\x58\xf4\xa1\x3b\xd7\x03\x36\xb6\
\xa5\x69\xc9\xd2\x2b\xbb\x8a\x77\x92\x3b\x5d\xca\x20\xd2\x54\xd2\
\x02\xc4\x60\x0f\x83\x98\x96\x9a\x88\x5c\xfa\x1b\x28\x90\x29\x6a\
\xe2\xab\xd2\x90\x47\xec\x66\x4f\x58\x19\x55\x3d\xe9\x31\xda\x49\
\x45\x88\x97\xd3\x1b\x44\xa6\x29\xbb\x57\xc8\x91\xd8\x98\xed\x5e\
\x9a\x7a\xa1\x85\xbb\x0b\x6c\xcb\x16\xe2\x4d\xbf\x50\xdd\xed\x6e\
\x4f\xb3\x8b\x42\x5d\x1a\xf0\x89\x9d\x57\x60\xd4\x6f\x12\xf4\x8f\
\xd2\x57\xf5\x8d\xd3\x1a\x5f\x54\x68\xcb\x27\x2b\xf5\x57\xdf\x52\
\x68\x2a\x5e\x90\xeb\x48\x1f\xd6\xbf\x1f\xab\xad\x0a\x83\xcb\x82\
\xdb\x1e\x91\x2a\xe2\x05\x3e\xa9\xa3\x04\x56\x6b\x57\xea\xe2\xd0\
\x5d\xcd\xcf\xf9\x0c\x42\x6f\x2c\xac\x3b\x58\x9c\xc6\xf8\xbc\x5c\
\x5f\xf6\x71\x9c\xbe\x6c\x37\x5d\x29\x37\x2e\xa5\x8e\xfe\x9e\xae\
\x7c\xb5\x4c\x6b\x1c\xcb\xf4\xcd\xa3\x3f\x13\xc4\xed\x8e\x37\x48\
\xba\xab\x3c\xe8\x68\x81\xd5\xfa\x69\xf4\x78\x06\x3f\xd0\xa9\x9c\
\x7c\x19\x8b\xcf\xa0\xaf\x7e\x4c\xa1\x35\xac\x02\x31\xc9\x33\xaf\
\xa4\x4c\x58\xa7\x4b\x1c\x28\xff\x31\x21\x64\xda\xfa\xe4\xd0\x69\
\x1b\x92\x86\x2f\x4c\x4c\x98\xbc\x2d\x27\xa9\x56\x70\x5a\xc3\x4a\
\x95\xae\xfa\x51\x16\x7f\x22\x36\xcd\xd0\xd6\xad\x76\x31\xea\x1f\
\x09\x11\xc5\xdc\xbd\x57\x7a\x3f\x26\x4f\x7c\x3e\x70\xc2\x7f\x25\
\xed\x46\xaf\x5c\xd6\xf6\xa9\xe5\x1f\xb4\x1b\xb3\x72\x79\xb7\x57\
\x3f\x9f\x3d\x6a\xc9\xde\xa7\x1b\x74\x74\x6a\x49\x17\x27\xf2\xc3\
\xc8\xbd\x56\x1f\x38\xfb\xaf\x31\x4a\xbd\xe1\x97\xb7\x13\x0b\x93\
\x03\xc7\x7f\xb2\xd7\x3b\x4c\x5a\xe2\x19\x2c\x26\x96\x56\x40\x6f\
\x45\x61\xd8\x8c\x6f\x93\xc4\xa9\x7f\xec\x51\x68\xcb\xb6\xa9\xf4\
\xd5\xc3\x98\x8c\xa2\x21\xed\xdd\x41\x60\xd4\x65\xe8\x20\x44\x0c\
\x8f\x2f\x3b\x30\xda\x27\x2c\xba\xa8\x2e\x7b\xc2\xf2\x0b\x97\x9d\
\x6a\xfb\xd4\x8a\x55\x53\x77\xfc\xde\x5f\x90\xd0\x68\x40\xd7\x29\
\x8c\xc2\x72\x93\xa4\x86\x7b\x34\xe8\xcd\x2f\xff\xe7\x25\x92\x5c\
\xad\xcf\x18\x37\x2e\xdf\x9e\x31\xc5\xd3\x13\x0a\x92\xe9\x11\xfa\
\x43\x9c\xae\x7a\x28\x8b\x51\x20\x1e\x07\xb1\x39\x97\xdd\xc1\x0e\
\x1b\xda\xd9\x5a\x60\x37\x2e\x9f\x9e\x31\xe7\xba\xbf\xfe\x55\x14\
\xb3\xc8\x74\xa4\xab\x33\xc4\x6f\x9a\xb3\x3c\x6c\x9b\x51\x4b\xd7\
\xb2\x1a\xe2\x26\xa1\x85\xcb\x8a\xa7\xfc\x94\x07\x42\xfb\x9e\x3a\
\xc1\x43\x98\xb7\x79\x17\x0c\xda\xd2\x5b\x64\x6b\x21\x02\x7b\xf2\
\xfd\x43\x4f\xfa\x84\xc9\xce\x36\xc0\xae\xd7\xda\x8d\x5e\xf1\x3e\
\xeb\xcf\x59\xa6\xe7\x1c\x43\x83\x68\xbc\xb5\x87\xec\xfc\xf2\xa7\
\xf2\x86\x08\xcc\xbc\xfc\xc3\x63\x8b\x22\x13\x0b\x76\x29\xf5\x65\
\x5b\x15\x19\xd5\x6c\x42\xcb\x20\x0f\xba\x52\x76\x00\xd2\x44\xe0\
\x5b\xda\x6b\x07\xb3\xb4\xda\x3f\xfd\xc1\x62\xc6\xcc\x4b\x47\xae\
\xc6\xb1\x96\x3f\x1b\xbb\x5a\x3d\xca\x4b\x24\x2d\x6b\x8c\x31\xfe\
\x16\xda\x99\xc8\x84\x82\x5f\x95\x9a\xb2\xad\x4a\x4d\xf5\x60\x16\
\xe3\x28\xd2\x2a\x1f\x76\x85\xe0\x22\xa4\x8a\x84\xc4\x16\x6d\x21\
\x30\x58\x5e\x22\x71\x55\xc4\xcc\xad\xaf\xb2\xdc\x34\xb9\x5e\xb3\
\x95\x1a\x12\x5a\xdf\x03\xb6\x1a\xb6\x78\x7d\x63\x8d\x51\x2b\xb4\
\x08\xf9\xe9\xa8\xa4\x33\xbb\x14\x3a\xc3\x66\xf0\xf1\x98\x84\x06\
\xb9\x4f\x27\x16\xda\x7b\x34\xaf\x1b\x7b\xb8\x4a\x98\xc0\xa8\x5f\
\x65\x2b\x9b\xfa\x84\xc5\x9c\x89\xdc\x79\xb1\xaf\xb5\x9f\xbb\x96\
\x66\x1d\x78\xf9\x63\x01\xf5\x3d\x18\x3c\xbc\x57\x88\xd4\x60\x2b\
\x83\x98\x6f\x9e\x33\x77\x15\x25\x2b\x74\x65\x9b\xe4\x2c\xe1\x0d\
\x10\x5a\x46\x65\x37\x67\x2c\x77\x31\xf9\xb3\x56\xbe\xa4\xf6\x14\
\x98\x79\x41\xa8\xc3\xda\xcf\x86\x54\x21\xb7\x00\xac\xe5\x70\x05\
\x89\x90\x6b\x48\x84\x68\xda\xc6\xc9\xb6\x36\xc8\x75\xa1\xc9\xf3\
\x67\xef\x2e\x82\xcb\xc0\x46\xa5\xb6\x7a\x20\x93\xd0\x32\x49\x8f\
\x29\xbc\xbe\x8d\x16\x80\x72\xa7\xd8\x4c\x63\x08\xab\xc0\x06\xa9\
\x92\x9f\xf3\x09\x8d\x2e\xb6\x87\x3d\xbd\x43\xa5\x25\x10\x67\xab\
\xd7\x2f\xa3\x97\x12\x6e\xbe\x84\xe5\x70\x45\xc5\x38\x85\xb6\xf2\
\xa9\x76\x4f\x2c\x5f\x6e\x0f\xa3\xc0\x6a\xd6\x47\x9e\x3f\xeb\xd7\
\xb3\xbb\xe7\xe9\x0c\x5f\x53\x1f\xad\xbf\x2b\x09\x0d\x04\xa6\xcc\
\x22\x22\x56\x81\xf5\x9e\xbb\x6d\x22\x15\xc2\x65\x7b\xd9\x12\xd6\
\x88\xf9\xbb\x9f\xad\x37\xd5\x44\xeb\xd0\xf8\xec\x64\x07\xc9\x3d\
\x16\x45\xa6\x2d\x7f\x5b\xa1\x2f\x7f\xb3\xed\x63\x0b\x56\x7a\x06\
\x4b\xaa\xed\x26\xb4\xbe\xca\xbc\x59\x7b\x8b\x69\x6a\xca\xf0\xa5\
\xfc\x28\xe9\xc7\x18\xb0\x7d\x84\x67\x5e\x0e\x92\xcf\x42\xca\x9f\
\x42\xa6\x6f\x7a\xcb\xd6\x2e\x87\xa5\xd5\xfd\xcd\xaf\x66\x38\x65\
\xa0\x5b\x75\xf0\x8a\x65\x91\x69\x4a\x63\x62\xb5\x65\xf3\x5a\xf7\
\x51\xac\xf1\x0f\x91\x64\xd9\xd3\x38\x77\xf4\x53\x9e\x9a\x43\x85\
\xa6\xd4\x95\x7e\x2d\xd7\x56\x0f\x60\xad\x49\x8b\xfa\xc5\xf1\x95\
\x06\x20\x6e\x21\x25\x50\x90\x12\xa2\xc1\x6b\xa3\xbd\x05\x06\xab\
\xc3\xd8\x8f\xde\xb5\x12\x4c\xef\xc0\x47\x64\xb4\x02\xc2\xf2\x03\
\x95\x2b\x14\xfa\xd2\xad\x26\x91\x75\x9d\xad\xb3\xb7\x81\xe8\x8e\
\x96\x0b\x47\x27\xbd\x0c\x6c\x64\xbd\x75\x9a\x84\xe6\xc0\x92\x96\
\xeb\x02\x33\x32\x0b\xcc\x14\x5b\x14\xd9\xef\x14\xb8\x75\xdd\x3f\
\xf6\xc3\x05\xce\x29\x32\x9a\xd7\xb2\xf8\x40\x59\x06\xa9\x5c\x7f\
\x25\xa3\xfd\xd0\x85\xdf\x78\xb6\x9f\x6c\xf0\x12\xcd\xad\xb2\xb7\
\x91\xe8\xad\x33\xcf\x7c\x19\x50\x31\xde\x3a\xe1\xd8\x52\xe5\xdb\
\xbf\xca\x76\xad\xc0\xa2\xc3\xf6\xcf\xac\x5a\x0a\x51\x79\x47\x09\
\x0c\x56\xa7\x17\x3e\x9e\x57\xaf\x4f\x96\x4d\xf8\x14\x20\xd4\x95\
\x52\x52\x68\xaf\x4e\x06\x91\x05\x4f\xf8\x34\xc9\xa3\xdd\x5b\xc4\
\x2f\x44\x72\xd2\x11\x86\x82\x5b\xe7\xdf\xe1\x8d\xcd\x50\xf1\xc1\
\x2c\x34\x3b\x96\x73\xc3\x45\x43\xc6\x2a\xb0\x2c\x12\xde\x61\xdc\
\xaa\x35\x8e\x14\x97\x79\x75\x7b\x6d\xdd\xac\x7a\xed\x74\x82\xd3\
\xed\xf2\x6f\x1f\xe3\xb6\x07\x8a\xc9\xac\x7c\x02\x44\xf6\xfc\xc7\
\x07\x77\x81\xc8\x02\x7a\xcc\x55\x3b\xca\x58\xfe\x11\xff\x64\x06\
\x58\x53\x50\x4a\xb5\x51\x64\x8f\x1d\xcd\x24\x30\xc6\xa6\x8f\x05\
\x5a\x32\x70\xd8\x82\xc4\x0d\x3c\x04\x06\x6b\xd4\xd2\x94\x31\x56\
\xf2\xc1\x9c\x8a\x43\xa1\xb0\xce\x42\x3a\x84\x56\x56\xf6\x92\xeb\
\xae\x24\xc9\xd4\x7f\xa6\x7b\xb6\x9f\x52\xee\x17\x18\x95\xe5\x48\
\x83\x41\x66\x60\x46\x72\x21\x3d\x3a\xcb\xb7\xb2\x26\xd5\xa1\x6f\
\x00\x42\x0b\x36\xdc\xe5\x7d\x14\x99\xc6\x1e\x2c\x3f\x7b\x61\x0e\
\x79\x7a\xe2\x86\xec\x44\xea\xe4\x5f\xe3\x21\x30\xaf\x10\x89\x21\
\x56\x5d\xd5\xab\xbe\x67\xb4\xa5\x6d\x04\x13\x9b\x61\x0c\xb6\x7c\
\x64\x1a\xe2\x61\x37\xa3\xce\xbf\xda\xbb\xd3\xdb\x67\x1c\x6d\x38\
\x9a\xeb\x3c\x0b\xb5\x6b\x90\x54\x67\x2d\x13\x82\xe0\xa8\x2d\x1a\
\x54\x40\x60\x50\x2b\xcf\xf2\x33\xdf\xcd\xa9\x89\x8c\xda\x7d\x36\
\xd5\x5b\x14\x5d\xc3\x6b\x17\x6b\x3e\x40\x95\x64\xb5\xc9\x44\xc5\
\x31\x35\x57\x57\x0d\xba\x42\x53\x39\x82\x8a\x2c\x7d\xb8\x72\x7b\
\x92\xc7\x7d\x93\xab\xbd\x45\xd2\x62\xc7\x0b\x4d\x56\x34\xed\xe7\
\xfc\x24\x28\x7c\x54\x68\xaa\x47\x38\x42\x68\x20\x30\x19\x63\xe3\
\xc7\xa2\xdc\x9a\x55\x73\x0f\x5d\x50\xd3\xfc\x61\x35\x2f\x81\xc1\
\x0a\x9c\xb8\x56\x5a\xef\xb3\x1e\x36\x06\x71\x8d\x5e\x4b\xd3\x2a\
\x3a\xd6\x7d\xed\x2d\x5d\x2e\x39\xf0\xfb\x21\x9f\xce\xd3\x8a\xbd\
\x3a\x4e\xfb\xc3\x3b\x58\x72\xde\xe1\x42\xeb\x15\x7b\x0e\x0a\x1f\
\x15\x1a\x2a\xb4\x8c\xca\x11\x8c\x0e\x78\x83\x8e\xce\xeb\x02\x33\
\x76\xb7\x5e\x25\x4c\x22\x16\x15\xd4\x7c\x2d\xcb\x2c\xd1\xd1\x8a\
\x55\x23\x4f\x81\xf9\xf4\x8c\x3e\x3f\xf9\xc7\xa2\x7a\xe3\x8b\xd0\
\xef\xc9\x37\xc9\x7b\xc4\x72\xd4\xff\x7a\x55\x65\xf5\xa3\xd4\x37\
\x4b\x9c\xbe\xe3\xd4\x5e\x9f\xce\x6f\x9f\xf3\xea\x38\xf5\x92\xb7\
\x48\x7c\xce\xd1\x86\x84\x0a\xdb\x29\xdb\x72\xa9\x8f\x66\xd8\xa1\
\xc8\xac\x7e\xc2\x1e\x42\x33\x1d\x91\x0c\x3b\x18\x15\xd8\x80\xf8\
\xfc\x6b\x3b\x15\x59\x65\xd9\x01\x7d\xe4\x15\x3c\x05\xe6\x1d\x22\
\xfd\x73\xc8\xbb\xbb\xac\x36\xec\xa8\x0e\x90\x36\xfc\xf3\x70\xf5\
\xb6\x57\x55\x0f\xa7\x42\x4b\x98\xb6\xe3\xd4\x7e\xbf\x2e\xd7\x85\
\xe6\x1b\x22\x3e\xed\xf8\x6f\x6c\xcc\xc5\x49\x5b\x8e\x27\xd2\x32\
\xa1\x9d\xac\x9d\x50\xa6\x26\x62\x86\x5b\x27\xab\x0f\x46\xff\xcc\
\x88\xf8\xbc\xbf\x32\x54\xc7\x2a\x8e\x35\x1f\x10\x57\xca\x53\x60\
\x50\xe3\xd7\x47\xb2\x7d\x02\x8b\x1d\xc4\xbc\x2b\x63\xa1\xfa\xb4\
\x2e\xe7\xbf\x5e\xa1\x89\x24\x85\x0e\x17\x5a\x68\xf4\xa5\x57\x36\
\xfe\xb6\x33\x4e\x67\x48\x82\x1e\x4f\x5b\xc4\xd1\x20\x4c\x01\x89\
\x77\x96\x1b\xe4\xe2\xfc\x9a\x93\xaa\xe3\x57\x4f\xfc\x6b\xd0\x82\
\x3f\xf9\x0a\x4c\x72\x35\x34\x72\xf3\x1b\x4c\x3e\x2a\xfd\x6c\x9d\
\xa2\xc2\x18\xbe\xed\xd6\xca\x56\x6e\x17\xda\x94\xcb\xbe\xc1\xd2\
\x42\x0e\x47\x44\xe9\x84\x2f\x32\x13\xa1\xbf\x53\x99\x75\xf5\xdf\
\xcc\x71\x34\x0b\x42\x63\x15\x98\xea\x28\x19\x1b\x5f\x50\x93\xbb\
\x30\xc7\x98\x77\xef\xc8\xc5\x7f\xf0\x15\x98\xb8\xca\x5a\x32\xfc\
\x9f\x4b\x10\x09\xe1\x1a\xba\xb8\x15\x18\xd8\x61\xad\x00\xef\x56\
\xa1\xd1\x18\x5a\xa9\x9f\x48\x9c\xc7\x41\x68\x65\x2f\x7d\x96\x91\
\xa0\xd4\x96\xed\x55\x64\x5d\x9d\xc4\xfa\x8d\xbe\x31\xd7\xa9\xda\
\x42\xfc\x58\x22\xf9\x0b\x8e\x93\x97\xa8\x0f\x56\xb8\xf0\x94\xb1\
\xa0\xcd\x93\xcb\xce\xf3\x14\x98\x67\x90\xa4\xc6\xea\x4d\xd2\xbc\
\xe8\x67\x09\x19\x1d\x97\xac\x55\xb7\x2c\x34\x69\x2e\x87\x00\x64\
\xc5\x33\x1f\xa7\xfe\x42\x77\xb4\xfd\x50\x9a\xc4\x2c\x34\x5a\xbd\
\x01\x99\x0e\x96\x5c\xe4\x82\x13\x64\x7c\x7c\x5e\xcd\x19\x1a\xaa\
\x38\xd3\x61\xec\xaa\xd3\x5c\x05\x46\x73\xa1\xd6\x92\xe0\x37\xc5\
\xc5\x9c\x79\xfc\x03\x4b\x5b\x97\x05\xa1\x95\xf9\x85\x48\x4f\x71\
\xf0\x4d\x8c\x8f\xbf\xb7\x2b\x81\x76\xab\xef\x97\x6b\x2a\xde\x61\
\xad\xde\x60\xa9\xa6\x98\x7f\x9c\x4c\xa2\x3e\x58\x31\x75\xf4\xcf\
\x3d\xf0\xf2\x27\xb9\x9c\x05\x46\xda\x8e\x5e\xb9\x92\xb9\xd7\x92\
\x57\x9e\x52\x50\x16\x40\x5d\x7e\x9f\x70\xa1\x4d\x36\xd0\x1d\xed\
\x14\x0f\x1f\x65\xe4\xe2\xa4\x5f\xae\x8f\x46\x28\x9f\x67\x8b\x39\
\x12\xd4\xc9\x9f\xb8\xb8\xa0\xe6\x3c\xdd\xc5\xfe\xe8\xf1\xc6\xba\
\x13\xbc\x05\xd6\x7a\xd4\xd2\x35\xcc\xc3\x56\x78\x55\xc0\x36\x68\
\x47\x63\xe8\xc7\xb4\x20\xb4\x0a\x3f\x91\xe4\x38\x0f\x5f\x65\x90\
\x7c\xbb\x69\x06\x87\x52\x53\x3e\x1f\x72\xaf\x0d\x15\xd8\xfc\x23\
\xe4\x45\x38\x22\x17\x17\x5e\xbb\xd8\x33\xea\xdb\xdf\x78\x0b\xac\
\xe5\xd0\x45\x9b\x59\x9f\x9d\xf6\x65\x74\xf6\x70\x2d\x88\x27\xcb\
\x64\x40\xb3\xd0\xa6\x6e\x3b\x99\x42\x03\xb6\xc5\xa6\x84\x7a\x88\
\xf4\x24\x0f\xa1\xc1\xf0\x17\xd3\x30\x18\x9d\x61\x39\x94\xdd\x08\
\x15\x58\xfc\x71\xf2\x0c\xdd\xc1\xf2\xe9\x31\x79\xa9\x7f\xcc\xf7\
\xd9\xbc\x05\x46\x43\x25\xdb\xad\x25\xbe\x6b\xa3\xfa\x6a\x12\xe8\
\x92\x73\x64\x59\xe7\x6b\x59\xf0\xd1\x2a\xa8\xd0\x78\x1c\x33\xd7\
\xc2\x22\x37\x98\x76\x34\x85\xde\xf0\x19\x6b\xdf\x80\x29\xd1\x7d\
\x92\x8c\x81\x30\xc5\x92\xfc\x9a\xcb\x83\x95\x3b\x34\xbc\x05\x76\
\x67\xbf\x79\x7b\xa4\xa9\xe5\x11\xac\x2d\x83\x2e\x31\x61\xb1\x2e\
\x5e\x64\x9c\x14\x68\x41\x68\x06\x1e\x97\x01\x53\x53\xc5\x6b\x9f\
\x27\x9b\x8e\x4e\xbd\x61\x03\x53\xf1\x63\x16\x19\x0c\x81\x56\xba\
\x4a\x46\x2d\x4d\xce\xe0\x2d\xb0\x3b\xfa\xc5\x1d\x60\x69\xd8\xad\
\x6d\xac\x21\x4e\x34\x87\xac\x31\xc5\x7b\x2c\x0d\x14\x96\x2f\x03\
\x12\x2e\x42\xeb\xf4\xdc\xea\x14\x85\xa6\x74\xbf\x69\xa2\x50\x76\
\xe5\xc8\x7a\x1d\xfd\x93\x35\x62\x7a\x4c\x96\x8c\xfb\xf4\xd0\x21\
\xde\x02\xa3\xfd\x0e\x69\xd3\x93\x8b\xfb\xb1\xa6\xcd\x9c\x7a\x74\
\xa7\x3d\xb2\x02\xf5\x08\x2d\x9f\xc7\x07\xd6\x6e\xcc\xfb\x87\xe4\
\x9a\x92\x7d\x74\x18\xdf\xcf\xa6\xf9\x6a\x75\x0e\xf7\x23\x7d\x87\
\x2f\xda\xf9\x03\x77\x81\xd1\xda\x3d\xe6\xf9\x63\x74\xe6\xae\x5b\
\x0e\x77\x36\x75\x9c\x33\xb4\xe5\x5b\x8a\xa3\xf9\x06\x3b\x3e\xd7\
\x09\xab\xd5\xf0\xf8\x4c\xd9\xe1\x4b\x7b\x69\x76\x20\x49\x4e\xe7\
\xdb\x5a\x7a\x5e\x18\x5a\xe2\x29\x12\xff\xc5\x55\x60\xbd\xe5\xda\
\x37\xb7\x16\x32\x75\xd3\xc3\xec\x0d\x78\xb7\x82\x87\xbb\xc2\x3a\
\xc1\xe6\xb6\x5c\x67\x87\x29\x25\x3c\x72\x9d\xb0\xee\x1a\x34\x3f\
\x5b\x7a\xe8\xe2\x6e\x2a\xb4\x3d\x71\xb7\xa4\xa1\x60\x54\xa6\x77\
\x58\xf4\x45\x9e\x02\xf3\x8f\x50\x64\xbd\xb1\x25\xf7\x51\xc6\xd9\
\x6d\x6e\x3d\xcc\xb9\x16\xd6\x59\x5c\xb7\x0b\x6d\x6a\x89\x4f\x88\
\xe4\x0c\x97\xdb\x5a\x7f\xe5\xc9\x39\x7b\xcf\xff\x0a\x69\x28\x5a\
\xc1\x11\x65\xde\xc1\xb8\x0b\x2c\x3c\xf6\xc8\xeb\xdf\xe5\x3d\xc6\
\x9a\x2e\x72\xcb\x21\xce\x8d\x49\x3f\xd5\xb1\xa3\x5d\xf6\x11\x49\
\xce\xf2\xf8\x40\x03\xfa\x28\x0a\xa0\x13\x6a\x26\x1d\x5f\xd5\x61\
\xcc\x8a\xef\x78\x1f\x91\xb4\x33\xeb\xd8\xf8\x75\xc7\x86\x30\xa7\
\x8b\xf4\x9c\x8b\x0f\xb9\xa4\x9f\x68\xc3\x68\x83\x84\xc6\xa9\xc2\
\xd6\x5c\xce\x0d\x23\x46\x79\x3b\xf9\x7e\xbd\x62\x73\x5e\xfa\xfc\
\xb7\xa1\xcc\x02\x3b\x42\xda\x79\x34\x55\x60\x90\x47\xc3\x76\xb4\
\xa9\x17\x78\xf4\x0c\x38\xc3\xf2\xeb\x19\x93\xff\xfc\x27\x9a\x11\
\x02\x76\xb0\x8e\x1e\x4d\x1d\xf9\x61\x72\x7f\xc3\x76\x34\x68\x4e\
\x91\x16\x37\x25\x81\xf9\xf6\x8a\x29\x84\x11\xa9\x6e\x9c\x8f\xb4\
\xe3\x65\x80\x4e\xac\x16\x22\x34\x73\xae\xd3\xfb\xfe\xa9\xc5\x3e\
\xc1\xe2\x0b\x4d\x43\x60\xb2\xd3\xa3\x3f\x4c\x7f\x9c\x79\x07\xa3\
\xc3\x99\x3d\xf0\xbd\xa1\xc2\x13\xea\xb5\x3d\x9d\xb4\x0b\x8a\x0a\
\x6d\x1f\x15\xda\x79\xef\xfb\xa7\x9f\xf5\x16\x49\x2e\xb9\xb3\xc0\
\x68\x6f\xe6\xd9\xa7\x56\x1c\x7c\x82\x55\x60\xf0\x02\x55\xae\x0d\
\xb9\x4e\x2b\x33\x78\x23\x6d\x66\xe5\x43\x42\x76\xb4\xe9\x3f\xe5\
\xc2\xd1\x79\xd6\xb7\xf3\xf4\x42\x7a\x19\xb8\xe2\x9e\x02\x8b\x2e\
\xb2\x36\xab\xe2\xd6\x17\x3c\xb8\x74\xc2\xdb\xee\x17\x01\x6a\x1c\
\x78\xc9\xa7\x10\xa1\x45\x26\x15\xa4\xf8\x3f\x38\xa3\xd0\xb7\x4b\
\x64\x2e\x2d\x42\x2c\x77\x2f\x27\x5f\x56\x20\xe8\x88\xa4\xad\x79\
\x4d\xee\x9d\xe3\x0d\x01\xde\xf1\xc8\xd2\x89\x7d\xa3\xd0\xa2\x92\
\x0a\x52\x03\x02\xa3\xf2\x7d\x1f\x88\xcc\xa1\x42\xab\x70\x13\x81\
\xe5\x0b\x71\xf2\xa1\xa2\xc2\x99\x86\x2f\xbb\x44\xe5\x06\xeb\xe0\
\x38\xb3\xd0\x66\xed\x3e\x9d\x02\x42\xf3\x0b\x9c\x71\xd4\x51\x63\
\x30\xed\x28\xb0\xbc\x71\x1f\x65\x8c\x14\xf4\xda\x6c\x67\x7c\x47\
\xa5\x0b\x24\xd4\x99\x67\xac\x9a\x85\x36\x67\xdf\xb9\x03\xcd\xba\
\xce\xca\xf1\x0b\x9c\x09\x95\xa9\x7f\xb9\xa2\xc0\x68\x24\xff\xb8\
\x90\x40\xab\xb9\x8b\x0a\x15\xe3\x40\xa1\xcd\xde\x57\x74\xf0\xce\
\xee\xb3\x4e\xfa\x3d\x3c\x4b\x4b\x3f\xb4\x1a\x97\x12\x58\xb8\xb0\
\x54\x51\x5d\x8d\xc7\x88\x40\xa0\xb0\x2e\x96\x71\x2c\x79\xed\x8e\
\xb6\x1f\x84\x36\xe7\x84\x7f\xd7\x39\x1a\x47\xcf\x5f\x6d\xb8\xc0\
\xe4\x47\x05\x0b\x2c\x1f\x05\x66\x53\xa1\xa9\x04\x0a\x0d\xc6\x56\
\xb5\x08\x12\x1f\xf1\xef\x3e\x3b\xd3\xd9\x05\x06\xf5\x60\xac\xe5\
\x3a\x42\x86\xc1\x20\x42\x8f\x4e\x78\x97\x13\xfd\xf6\x0a\x11\x9a\
\xf8\xd0\x85\xb4\x16\x22\x49\x76\x40\x8f\x77\x32\x9c\x57\x60\x0a\
\x0d\x6b\xc1\xa1\x79\x46\x85\x5b\x56\xb5\x3a\x0b\x42\x5e\x19\x73\
\xa3\xd0\xee\x0a\x11\x67\x37\x0b\x72\xdc\x80\x64\xf6\x9a\xfc\xb8\
\x74\x21\xaf\x6c\x46\x81\x39\x50\x68\xac\x2f\xbf\x32\x0b\x4d\x7a\
\xf8\x62\x7a\xcb\xf0\x68\xad\x7f\x90\x58\xe3\x2c\x02\xbb\xa3\x6f\
\xdc\x41\xe6\xa6\x0f\x14\x18\x87\xa3\x93\x1a\x5b\xa8\xd0\xa2\x33\
\x2e\xa6\xb7\xea\x2d\x53\xfb\x8b\x24\x7a\xee\x7d\x91\xfd\xe7\xed\
\x63\x6d\x5b\xab\x9d\xb2\x73\xc4\x09\xa7\xec\xb8\x3b\x30\x01\x10\
\xba\x6e\x84\x08\x0d\xc6\xbe\xb7\xee\xa7\x3c\xec\x17\x2c\x39\xca\
\xad\xb3\x7b\xe0\x82\x9f\x59\x1b\x6f\x51\x60\xce\x22\x34\x8d\x40\
\xa1\x65\x5c\xce\xe8\x30\xe4\xdd\x54\xda\x6a\xe7\xf0\xd9\x68\x30\
\x9b\x22\x26\xad\x2a\x5c\x88\xc0\xa4\xa9\x17\x5a\xe0\x27\xcd\x3f\
\x60\xcb\xfc\x06\xdc\x1b\x85\xd6\x69\xd4\x92\x7d\x8e\xec\x17\x68\
\x35\x7c\xc9\x3a\x41\xf3\x35\xe8\xbf\xe9\x3d\x77\x6e\x5d\x73\x35\
\xa0\x8f\xb0\x21\x42\x7b\xe0\xc9\x65\x7b\x68\x07\x94\xbd\x47\x6c\
\x5e\x6b\x3b\x7a\xc5\x0a\xa1\x02\x93\xa2\xc0\x9c\x70\x47\x4b\xa3\
\x6f\xad\x13\x28\x34\x85\xb6\xe4\x70\xd0\xf8\x4f\x93\xec\x56\x8b\
\x46\xa7\x05\x31\x4f\x38\xac\x15\x58\x15\xfa\x60\xce\x7f\x74\x56\
\x09\x16\x5a\xe8\xa4\x2f\xe8\xbb\x8d\xa4\x36\xad\x45\x83\x01\x7b\
\x81\x13\x3f\x93\x0a\xdd\xc1\x50\x60\xae\x91\x19\x68\x2e\xf4\xd6\
\x09\x42\x8b\x98\xba\x3e\xc1\x56\x25\x42\x30\xc6\xbc\xc7\x1b\xeb\
\x23\x85\x08\x0c\xe2\x60\xdc\x67\xe6\x23\xec\x2c\xa3\x1f\x16\x7c\
\x68\x42\x84\x06\x2f\x1c\x1b\x2c\xdf\x9e\xd0\xd8\xca\x0d\x18\xe3\
\x1e\x3a\xe3\xbb\x49\x82\x05\xb6\x13\x05\xd6\x24\x02\xb6\x20\xb4\
\x91\x0b\x13\x93\x1a\xf3\x2a\x99\xbe\xe2\x9f\xc6\x0b\x13\x98\x11\
\x23\xf9\xae\x2e\x34\xd6\x5c\xa7\xb9\x0b\x0a\x84\x36\x48\xb1\x6d\
\x7f\x43\x5e\x86\x35\x78\xfe\xaf\xe3\x04\xf9\x60\x36\x7e\xcf\x26\
\xc2\x09\x21\x49\x75\xb3\xd0\x62\x32\x2e\x1d\x68\x35\x62\x71\x91\
\xd5\x9d\x2b\x2c\xfa\x02\xcc\x66\x7d\xe8\x95\xcf\xdf\x11\x92\xe8\
\x36\xd7\x83\xa1\xc0\xdc\xeb\x32\x10\xc0\x5a\x8f\x76\xa3\xd0\xc2\
\x67\x6f\xfa\x06\x82\xa8\xad\x86\xc5\x6f\x68\x39\x24\x7e\x53\xeb\
\x51\xcb\xd6\xb4\x7f\x76\xd5\x92\x6e\xff\xf9\x72\xa6\x90\x26\x0f\
\x8b\xef\x6c\xc2\x7a\x30\xf7\x14\x1a\x6b\x85\xad\x5c\x0d\xaf\x51\
\x2c\x9f\xa2\xd4\x92\xde\xb6\x98\xed\x7f\x6b\xd3\x87\x5b\x8d\xd1\
\x44\x6e\x66\x35\x94\x72\x5b\x79\xab\x9d\x9d\x57\x10\x36\x7d\x34\
\x8d\x80\xad\x1f\xcb\xab\x6b\x6c\xbd\x60\x56\x3e\xf6\x45\x36\x21\
\x60\x37\x61\xed\x82\x6a\xec\x32\x85\x28\xe8\x1b\x8e\xd1\xea\x4d\
\xd3\x47\xf3\x81\xdd\xc5\x6e\xe2\xd2\x56\x85\xd1\x7c\x6a\x47\x1c\
\x1b\x80\x5c\x9f\x61\x6b\xc3\x5d\x0d\x6e\x8e\x52\x3a\xdc\x0f\xde\
\x89\x89\xd6\x45\xfe\x01\x26\x0a\xa5\x94\xb4\x84\x99\x5e\xac\x95\
\x1c\xb7\x76\x71\xd3\xc0\x6f\xa7\xd9\x7b\x2e\xdf\x8d\x33\xc1\x10\
\x26\xc1\x41\x0c\x0b\x46\x91\xc3\xac\x55\x18\x87\x09\x43\xfa\xe0\
\x68\x05\x11\xd2\xdf\xef\x02\xd3\x21\x61\xe6\x2d\x88\x6a\x35\x86\
\x23\x10\x04\x41\x10\x04\x41\x10\x04\x41\x10\x04\x41\x10\x04\x41\
\x10\x04\x41\x10\x04\x41\x10\x04\x41\x10\x04\x41\x10\x04\x41\x10\
\x04\x41\x10\x04\x41\x10\x04\x41\x10\x04\x41\x10\x04\x41\x10\x04\
\x41\x10\x04\x41\x10\x04\x41\x10\x04\x41\x10\x04\x41\x10\x04\xb1\
\x0d\xff\x07\x59\x46\x12\x33\x59\x8f\x51\x00\x00\x00\x00\x00\x49\
\x45\x4e\x44\xae\x42\x60\x82\
\x00\x00\x11\x37\
\x89\
\x50\x4e\x47\x0d\x0a\x1a\x0a\x00\x00\x00\x0d\x49\x48\x44\x52\x00\
\x00\x00\x99\x00\x00\x00\x99\x08\x06\x00\x00\x00\x3c\x5c\x98\xba\
\x00\x00\x00\x06\x62\x4b\x47\x44\x00\xff\x00\xff\x00\xff\xa0\xbd\
\xa7\x93\x00\x00\x10\xec\x49\x44\x41\x54\x78\xda\xed\x9d\x7b\x5c\
\x94\x55\x1a\xc7\xb9\xa3\x59\xb2\x1a\x8a\x37\x40\x52\x17\x08\x06\
\xc5\x1b\x5d\x35\x4b\xd4\xa0\x5a\x29\xcb\xdc\x2e\xdb\x7e\xbc\x93\
\x68\x28\x33\xcc\x0d\xf6\x25\x02\x4b\xd7\x2c\x73\x33\xbb\xad\x6d\
\x56\xab\x7d\xac\xb6\x56\x2c\x2f\xe0\xa6\x21\xc2\x30\x17\x90\x8b\
\x80\x95\xa5\x89\x5a\xc6\x55\x66\x00\x3d\x7b\x9e\x49\xc8\xb2\x98\
\x73\xc6\x99\x79\x67\x86\xe7\xfb\xf9\x9c\x7f\xd2\x14\xcf\xfb\x7b\
\xcf\x7b\xce\xf3\xfc\x9e\xe7\x78\x78\x20\x08\x82\x20\x08\x82\x20\
\x08\x82\x20\x08\x82\x20\x08\x82\x20\x08\x82\x20\x08\x82\x20\x08\
\x82\x20\x08\x82\x20\x08\x82\x20\x08\x82\x20\x08\x82\x20\x08\x82\
\x20\x08\x82\x20\x08\x82\x20\x08\x82\x20\x08\x82\x20\x08\x82\x20\
\x08\x82\x20\x08\x82\x20\x08\x82\x5c\x1d\x8b\x34\xc4\x57\x59\xd4\
\x12\x24\x18\xc8\x08\xb9\x8e\x8c\x54\x1f\x6e\x0b\x93\x97\x92\xd1\
\x6a\x8d\x71\x94\x4a\x4b\x42\x65\xf4\xbf\xd3\x5f\x1b\x9c\xae\x21\
\x01\x29\xb5\xc4\x1f\x67\x0c\x61\x46\xd0\x90\x6b\xe4\x87\xda\x46\
\x2a\x75\xed\xe3\x32\xf4\x24\x96\x79\x94\x11\x89\x50\x46\x6e\xa0\
\xff\x7f\xe0\x66\x2a\x50\x9c\x49\xe4\x4a\x71\x15\x90\x3e\x6a\x0d\
\x19\xc5\x25\xac\xdf\x1b\x25\xed\xb1\x6a\x1d\x19\x23\x54\x90\x81\
\x02\x21\x5e\x38\xbb\xbd\x9c\xed\xdb\x89\xb7\x4a\x4f\x86\x2b\x75\
\x64\x9c\x4d\x04\xf6\xeb\xa1\x21\x12\x69\x71\xcb\x90\x07\xe9\xdf\
\x83\xb3\xdd\x1b\x57\xaf\x0a\x72\xad\xb2\xc4\x14\x6d\x17\x71\x5d\
\x39\xa2\x70\xef\xd6\xcb\x50\x16\x91\x20\xbb\xad\x5e\xbf\x33\x94\
\x06\x12\x2d\x7c\x45\xfa\xe0\xec\xbb\xfb\xea\x45\xf7\x48\x70\x4a\
\x74\xa4\xb8\xae\x10\x5a\x01\x0a\xcd\x7d\xf7\x5f\x84\x78\x2b\xf4\
\xe4\x8f\x36\x17\x8f\x8e\x4c\x52\xeb\x5a\x17\xaa\xf4\x1d\xb7\xb1\
\xed\xd3\x4c\x92\xd4\x42\xd2\x17\x9f\x88\x1b\xc6\xbd\xd4\xa5\xa6\
\x48\x5e\x01\xc9\x4b\x5b\x27\x24\xbe\x74\x78\xe6\xf8\x94\xed\x4f\
\x8c\x7a\xe4\x75\xd9\x90\xc4\xf5\x6b\x83\x12\xd6\xbd\x78\xf9\x08\
\x7b\x68\xd3\x96\xe4\xdd\x5f\xef\x55\xea\x1a\xff\xa3\xd6\x76\x4c\
\x67\x3d\x10\xa0\xd0\xdc\x6b\x83\xef\x27\x68\xc9\x8d\xbc\x02\x9b\
\xb1\xe6\xc0\x3d\xde\xb1\xf2\xef\x3c\xa2\xd3\x88\xa5\x31\xfc\xbe\
\xf5\x07\xd5\x86\xc6\xcf\x55\xfa\xc6\x8f\x33\x75\x1d\xf1\x4c\x9f\
\xce\x52\x53\x0c\xc4\xe5\xf0\x09\xb9\x81\xc0\x32\x8a\x4d\x51\xbc\
\x02\x7b\xf2\xb3\xef\xe3\x7c\x63\xe5\x5f\xb1\x08\xac\x6b\x44\xfe\
\xe5\xf5\x3c\xb3\xd0\x74\x8d\x3b\x95\x5a\xe3\xdd\x6c\x42\x23\x31\
\x69\x9f\x91\x7e\xf8\xa4\x5c\x14\x08\x19\x58\x1b\xa2\x18\x30\xed\
\xd9\xb7\x78\x04\x76\x69\x5c\x88\x7c\xf4\xd5\x9d\x20\x34\xb5\xae\
\x61\x67\x66\x19\x87\xd0\x0c\x28\xb4\x5e\x23\x30\x79\x51\xeb\x84\
\x81\x53\x9f\x79\xc3\x0a\x81\x5d\x1a\xd2\x8e\xd1\x73\x36\xe4\xa9\
\xb5\x3f\x7e\x4e\xc5\xb6\x33\x53\x67\x4c\x64\xfa\xbb\xb5\x64\x2c\
\xc4\xed\xf0\xc9\xb9\x08\x1b\x40\x60\x34\x54\xc0\x2b\xb0\x94\x7d\
\xdf\x4f\x1e\x70\x93\xf0\x36\x15\xcb\x45\xeb\x45\x96\x46\x3c\xa3\
\xa5\x6d\xa3\x92\x5e\xd8\xa5\x28\xfd\xf1\x73\x95\xa1\x31\x2f\xb3\
\x9c\x5d\x68\xb2\x83\xe4\x3a\x7c\x82\xce\xbe\x07\xa3\x31\x28\x6b\
\x04\x36\x7f\xdb\xf1\x5b\x03\x26\xaa\xdf\x87\x4f\xde\xd5\x08\xac\
\x6b\x78\x49\xd2\x1a\xc3\x12\xd7\xec\x36\x0b\x4d\xdf\xf0\x59\xa6\
\xce\xf4\x27\x66\xa1\x55\xa3\xd0\x9c\x16\x08\x09\x40\x0c\x8a\x57\
\x60\x0f\xac\x2f\x99\xde\x2f\x46\xba\x8b\x8a\xa3\xd3\x16\x02\xeb\
\x1a\xde\xd1\x69\x67\x87\xdf\x95\x5d\x20\x2f\x3d\xf7\x3f\xa5\xae\
\x61\x37\x8f\xd0\x84\x22\xd2\x1f\x9f\xa8\x33\x0a\x8c\xda\x6d\x78\
\x05\x36\x33\x2b\x3f\xb1\x5f\xd4\xaa\x02\x4f\x89\xd4\x64\x4b\x81\
\x75\x0b\x2d\x46\x7a\x72\xe8\x54\xe1\xf3\x2e\xa1\xa9\xf4\xa6\x24\
\xa6\xc3\x00\xb5\x1a\x09\xb5\x28\x34\x97\x17\xd8\xed\x4f\x7d\x34\
\xe7\x9a\xf0\xd4\x42\x4f\x49\x9a\x5d\x04\xd6\x35\x7c\x25\xb2\x63\
\x83\x6f\xc9\xfc\x42\x5e\xf2\xfd\x7e\x1a\xde\xa0\x42\x3b\x9f\xc4\
\xbe\x47\x3b\x8b\x9f\x4e\xd1\xf7\x60\x34\x98\x09\x41\x4d\x5e\x81\
\xc5\x3c\xf6\xc6\x7c\xff\x51\x29\x06\x4f\x89\xac\xd5\x9e\x02\xfb\
\x59\x68\xd2\xea\x81\x13\x15\x25\xf2\x92\xb3\xfb\x69\xc0\x76\x6f\
\x66\xd9\xf9\x07\x99\x3f\x9d\x05\x78\xea\x74\xb9\x15\x2c\x7c\xf6\
\xc6\xa7\xfc\xc2\x96\xd5\x78\x49\xa4\x4d\x8e\x10\x58\xd7\xf0\x8b\
\x91\x96\x0d\x88\x95\xe9\x64\x45\xa7\xff\x47\xe3\x68\x7b\x54\x06\
\xd3\x03\x18\xde\x70\x43\x81\x85\xc4\xaf\xc9\xf4\x0b\x7d\xf2\x4b\
\x38\xfd\x39\x52\x60\x5d\xc3\x3f\x3a\xad\xf4\x0f\x63\x65\x7a\xd9\
\xe1\x33\xe6\x15\x4d\xa5\x33\x3d\x88\x99\x01\x37\x12\xd8\xe0\x38\
\x61\xa3\x4f\xf0\x92\x13\x74\x05\x3b\x27\x86\xc0\xba\x46\x9f\xc8\
\x95\x25\x01\xd1\x69\x7a\x59\xd1\x99\x7c\x10\x9a\x42\x7b\x7e\x0e\
\xab\xd0\x30\xd7\xe9\xa4\x71\x30\xa5\xa6\x7d\xfc\xf5\xb1\x8a\x2d\
\x54\x60\xf5\x10\x56\x10\x53\x60\x3f\x0b\x2d\xb5\xe4\xda\x1b\x53\
\x2b\xd3\x0e\xd6\x17\xc0\x61\x40\xa1\x33\xcd\x46\xa1\xb9\x68\x24\
\x1f\x04\x36\x60\x5c\xfa\x3b\xde\x23\x96\x9c\xf1\x8e\x96\x9e\x72\
\x06\x81\x75\x0b\x2d\x22\x55\xd3\x2f\x22\xb5\x6a\xd5\x81\x53\xf9\
\x20\x34\xe6\x38\x5a\x19\xda\x84\xec\x42\x8a\x15\x02\x83\x3c\x64\
\xff\x28\xe9\x47\xce\x28\xb0\x4b\xe3\xa2\xff\x98\x15\xda\x7e\x11\
\x2b\xaa\x57\x1e\xf8\x2e\x9f\x2b\x60\x4b\xfd\x68\x68\xe5\x16\x59\
\x60\xb2\x82\xd6\x89\xfd\x23\xd3\x76\x3a\xb1\xc0\x7e\x1a\x37\x4a\
\x2f\xf8\x8f\x49\xd1\xf7\x1d\x93\x52\xb7\x22\xff\xc4\x3e\x73\x0a\
\xea\x88\xf1\x5e\x56\x87\x2d\x0a\xcd\x56\x02\xe3\x74\x53\x80\x17\
\xec\xda\xf0\xd4\x7c\xa7\x17\xd8\x65\x42\xf3\x1b\xb3\xdc\xd0\x67\
\xf4\xb2\x63\x29\xf9\xc7\xf7\x99\x93\xea\xac\xee\x0d\x10\x1a\xd6\
\x0c\x5c\x85\xc0\xf2\xf8\x05\xb6\xf8\x83\x13\x37\xf7\x1d\xb3\xfc\
\x90\xcb\x08\xac\xcb\xb9\x21\x59\xd5\xee\x37\x6a\x59\x05\x08\x6d\
\xf9\xbe\xe3\x7b\xcd\x42\x63\xf4\xa3\x41\xb9\x1d\x98\x33\x51\x31\
\xbc\xa7\x48\x2b\x1c\xad\xe0\xa4\xe8\x3b\x6a\x79\xb1\xab\x09\xac\
\x5b\x68\x51\x69\x46\xbf\xb0\x27\xab\xfd\xc3\x92\xbf\x49\xfe\xf4\
\xcb\x3d\xe0\x47\x63\x75\xd8\x2a\xa8\xbd\x7c\x11\xb6\x47\x60\x07\
\x7a\x49\xf0\x0a\x6c\xde\x9b\x55\x53\xfd\x6f\x58\x56\xee\xaa\x02\
\xfb\x79\x45\x4b\x3b\xef\x1b\x96\x5c\x43\xc5\xf6\x6d\x72\xde\xb1\
\xbd\xe0\xb0\x55\x97\x1a\x67\xb1\xcc\x01\x14\xca\xd0\x4f\xa7\x0f\
\x2a\xc8\x72\x1c\xcc\x47\x5d\x4a\x22\x79\xad\x3a\x7e\x23\x93\x6b\
\x5c\x5d\x60\x97\xad\x68\x2d\xbe\xa1\x4b\xbf\xf4\x1b\xb9\xf4\x04\
\x15\xda\x6e\xfa\xe9\xa4\xc5\x29\x46\xa6\xe2\x14\x75\x89\x31\x1c\
\xfb\x6f\x58\x14\x18\x5f\xd9\x5a\xd2\xdf\x8b\xe2\xfd\x42\x93\x8f\
\xb9\x8b\xc0\xba\x4d\x8f\x31\xd2\x06\xef\x90\x25\xdf\xf8\x84\x2e\
\xa9\x5f\xf4\x51\x15\x7c\x3a\x99\xcb\xed\xd4\x45\xc6\x31\x82\x80\
\x42\xbb\x02\x68\x48\xa2\x36\x90\x70\xae\x92\x35\x61\xef\x3d\x34\
\x8a\x7f\xd2\x27\x78\x71\xbd\xb7\x44\xe6\x36\x02\xeb\x16\x5a\xb4\
\xf4\x47\xef\xe0\xc5\x27\x7c\x42\x96\x9c\x9e\xff\x41\xe5\x67\x66\
\xa1\x19\x3a\xee\x64\x99\x1b\x68\x63\xe5\x41\x88\x27\x2a\xeb\x72\
\x81\xd1\x65\xde\x0a\x81\x7d\x77\x49\x60\xf5\xee\x26\xb0\xcb\x4c\
\x8f\x67\xbc\x47\x2c\x3e\xdd\x2d\x34\x7d\xc3\x0e\x85\xb6\x63\x2a\
\xd3\x8a\x66\x20\x61\x1e\x1e\x28\x34\x73\x6f\x0a\xe8\xe5\xc5\x23\
\xb0\xbb\x73\xf6\xdf\x0d\x89\x6e\x9f\xe0\xa5\x27\xe9\x43\x38\xeb\
\xae\x02\xfb\x85\xd0\xe0\x65\x0a\x5e\xfc\xc3\x13\xef\xea\x3f\xa5\
\x99\x81\x6d\xac\x2d\x11\xe8\x29\x3d\xa4\x57\x0b\x8c\xd0\xe5\x9c\
\xb7\xf1\x5c\xb7\xc0\x42\x92\xbf\xa5\x6e\x8a\xef\xdd\x5d\x60\xbf\
\x21\xb4\x73\x8f\x6f\xd5\x7e\xaa\xd6\x37\xbe\xad\xaa\x6c\xbf\x89\
\x65\xce\xa0\xff\x5a\x6f\x55\x98\x27\xec\x1b\xac\x11\x98\x98\x7e\
\xb0\xc0\xe9\xb9\xf5\x30\x44\x11\x9a\x44\x7a\xca\x3b\x78\x51\xbd\
\xf7\x88\x45\xe7\x1e\xd9\xa2\xa1\x7b\xb4\xa6\x2d\x19\x86\xf6\x38\
\x26\xa3\x40\x39\x09\xea\x6d\x0a\xf3\x14\x68\xb3\x5f\x1e\x81\xcd\
\xca\xce\x4f\x30\x0b\x8c\xc6\x90\x68\xd1\x47\xab\x18\x0f\xf9\xfa\
\xf8\xdc\xd3\x42\x65\x73\x79\x56\x45\x73\xe5\xa0\x19\xcf\x9d\x12\
\x73\x45\xf3\x1a\xb6\xb0\x69\xee\xab\x45\x9f\xaa\x74\x0d\xaf\x41\
\x57\x21\x96\x39\x4c\xfb\xa2\x79\x70\xaf\x91\x18\x34\xfe\xb5\x46\
\x60\xfe\x61\x29\xd5\x8e\xf2\xe4\x5f\xb1\x82\xc5\xe7\x9e\x11\x2a\
\x9a\x2a\x72\x6b\x8d\xba\x9c\x3a\xa3\x81\x0a\xed\x48\xe0\xf4\x67\
\x45\x16\xda\xa2\xe6\x87\x5e\x3b\xb4\x4b\xa9\x6f\xdc\x48\xed\x3f\
\x13\x58\x7a\xd9\x2a\x0e\x37\x5d\xef\xf6\x02\xa3\x2d\xc9\x43\xac\
\x12\xd8\xa8\x94\x23\xf6\xae\x2a\xb2\xb4\x82\xe5\xd6\x19\xcb\x84\
\xb2\xce\x84\xec\x4a\x92\x40\xc5\x56\xe1\x14\x2b\xda\xf0\x85\xcd\
\x73\x37\x1d\xca\x53\xe9\x9b\xd6\xd1\x96\xef\xe3\x2d\x97\xda\x91\
\x71\xd0\x16\xde\x6d\x05\xa6\x2a\x3c\x3f\xdc\x2a\x81\x8d\x59\x61\
\x80\x1e\x13\x62\x09\x2c\xab\xb2\xf9\x48\x4e\xad\xb1\x32\xab\xac\
\xb3\xdb\xeb\x95\x5d\xd3\x79\x7f\x4e\x6d\x5b\x8d\x33\x08\xcd\x73\
\xd8\xc2\xf3\xb3\x5f\xd8\x4f\x3b\x0a\xb5\xe4\x2a\x19\x84\xe6\xb6\
\x15\x50\xf4\x28\x3d\xc4\x6a\x81\x51\x2b\x8c\x58\x9b\x7c\x2a\xa2\
\x8a\xdc\x63\x6d\x55\x42\x25\xb9\xc2\x1e\x9d\x55\x65\x9a\x47\xc5\
\x77\x14\x7e\x8f\xd8\x87\x01\x10\xda\x7d\xcf\x17\xd0\x15\xad\x39\
\x9b\xd5\xc6\xed\x56\xee\x5a\x85\xb6\x79\x90\x35\x02\xeb\x1b\xfe\
\x54\xa9\xad\x7a\x53\x58\xbf\x82\xb5\xd5\x3e\x53\xdd\xf9\xbb\x15\
\x45\xb0\xba\x99\x3f\xa3\xf4\x73\xda\x7f\xca\xd3\xe7\xc4\x5d\xd1\
\x16\xb4\xdd\xb7\x76\x1f\x15\x5a\x8b\x9c\xb9\x7f\xad\x3b\x58\x84\
\x84\x42\x32\x50\x4e\x37\x9c\x9c\x02\x3b\xd5\x37\x22\xb5\x44\xac\
\x98\x14\x6c\xf2\xb3\x8e\x34\x55\xe6\xd6\xb5\xd5\x66\x1d\x35\xcd\
\xb5\x9c\xc2\xe9\x4c\xc8\x39\xd6\x56\x94\x61\x68\xd0\xf4\x89\xcb\
\x68\x16\x55\x68\x43\xe7\x9b\x66\x65\xe7\xd1\xcc\x40\x4b\x2a\x9b\
\x73\x83\x44\x42\x2f\x5d\x57\xde\xe4\x07\xf0\xb4\x31\x87\x64\xb7\
\x6f\xe8\x92\xe3\x50\x32\x26\x9a\xc0\xe8\x89\x11\x3e\x7f\x39\x75\
\x6d\x75\x59\xd5\xa6\x47\x58\x7f\x76\xa1\x9c\xdc\x92\x5b\x63\x7a\
\x5f\x76\xa8\xfe\xb0\x4f\xac\xdc\x24\xea\xa7\x73\xc8\x82\xf6\x78\
\xe1\x93\x3c\x95\xae\x35\x99\xc9\x8b\x46\x9b\x35\xbb\xa4\x73\x03\
\xfa\x6c\xc1\x06\x93\xf5\x21\x3d\xb4\x59\x3f\x0d\xec\x3a\x7e\x92\
\x34\xad\xe8\x02\xa3\x1b\xfa\xcc\x23\xa6\x79\xbc\x75\x9d\x70\xba\
\xcb\xae\x31\x3d\x93\xb2\xfb\xeb\x03\x5e\x92\x74\x51\x3e\xf3\xe0\
\x44\x81\x5c\xe7\x25\xa1\xfd\x57\xa1\x6f\xf9\xab\x5b\x26\xd4\xa1\
\x35\x65\xba\xb6\x9d\x59\x60\x4f\xbc\x7d\xf4\x76\x1a\x03\x33\xf8\
\x49\xa4\x06\xb1\x04\x76\xd9\x29\xf2\x28\xcb\x27\xb2\xc7\x07\x46\
\x0f\x09\x49\xaf\x1c\xfa\x40\xc4\x14\xd4\x59\xef\x90\xa5\x27\x3d\
\x86\x2e\xe8\xb8\x4b\xf5\xe1\x27\x2a\x1d\x5b\xdf\x8d\x74\x4d\x9b\
\x6b\xe4\x39\xe1\xc4\xc2\xd3\x00\x05\x3c\xf9\xd7\x50\x4f\xbe\x6f\
\xb4\xb4\x46\xfc\x15\x8c\x86\x29\x8e\x76\x26\xd9\xa2\xb7\xff\x33\
\x5a\x32\x31\x64\xce\x3f\x5e\x11\xcd\x26\x24\x91\xfe\x40\x8d\x8f\
\xc7\x3d\x86\x2c\xb8\x70\x5b\xea\xb6\x8f\x59\x2b\xa0\x94\x9a\xd6\
\xa1\x4e\x2d\x30\xde\xd2\x35\x68\x9f\x79\x6d\xe4\xca\xdd\xf4\xcd\
\xfb\x5a\xbc\x15\x6c\xf5\x69\x73\x98\xa2\xd6\x58\x9e\x5d\xd1\x79\
\x9f\xad\x2f\x92\x18\x7e\xff\x86\x6c\x8f\x28\x71\x42\x30\x5e\x31\
\xb2\x06\x2a\xb4\x3a\x10\xda\xcd\x29\xef\x7e\x28\x37\xb0\xd9\xb8\
\x69\xbd\xc0\x20\xa7\xf5\x84\x41\xd5\x0c\xeb\xe4\xaf\xda\xdb\x38\
\xa9\x7f\x8c\xf4\x63\xea\x05\xfb\x4e\x2c\x81\x5d\x37\x25\xeb\x07\
\xa1\xbc\xa9\xcc\x9c\x26\xaa\xec\x4c\x64\xae\x0c\xe2\xbc\x13\x20\
\xfc\xf1\x7f\xae\xa0\xf9\xd6\x36\xd1\xac\xdc\x61\xc9\xb5\x1e\x43\
\xe6\x5f\x88\x5b\xfa\xaf\x1d\x99\x47\x3a\xa6\xb9\x6c\x56\x00\xb2\
\xfc\x3c\x95\xdd\x01\xb1\x8a\x77\xc5\xb4\xea\x5c\x77\xdb\xdf\x7e\
\xcc\x2c\x6b\x30\xd0\x30\x45\xb1\x50\xd1\x31\x8b\x55\x60\x50\xa6\
\x07\x55\x41\x0a\x0d\x89\xe0\x11\xda\xc4\xe5\x3b\x1e\xa3\x2b\x8b\
\x28\x71\x34\x28\x4e\xf1\xbb\x61\x59\x15\x15\xda\x45\xc9\x63\x9b\
\xb7\x33\x79\xd1\x9c\x2d\x2b\x00\x7e\x72\xd6\xcf\x24\xf4\xa6\x08\
\xbc\x59\x78\x5d\x2c\x27\x85\xb9\x07\xc5\x64\x75\x0b\x6d\x81\x5e\
\x9a\x53\xd3\xb6\x5f\xa8\xea\xb8\x83\xe9\xe7\xa6\xf5\x9f\x20\xb0\
\xae\x7f\xb3\x35\xf7\x34\x4d\x11\xf6\xdc\xcf\x7a\xc3\x89\xed\x85\
\x26\x35\xf9\x8d\x4e\x29\x07\xa1\x45\xce\x7d\xf9\xbd\x8c\x0a\x12\
\xe7\x52\x59\x01\xd6\x88\xbe\x59\x60\x53\x9e\xde\x2c\x56\xa2\xdb\
\xdc\x88\x6e\xa2\xea\x7c\x7a\xf1\x99\x92\xd5\x75\xc6\x9d\x10\xdb\
\x62\x8d\x8c\xff\xd6\x5d\x95\x3f\xb9\x7a\x8d\x5c\xae\xde\xa4\x8d\
\x25\xf1\x7e\x13\x95\xd5\xe2\x15\x10\xa7\x94\x81\xd0\xc2\xef\x5f\
\xbf\x95\xc5\x22\x04\x2f\x17\x71\x86\xd0\x06\x6b\x01\x48\x50\xfc\
\xea\x97\x6c\xdd\x61\x9a\xab\xa5\xe6\x78\x85\x51\x7a\xe8\x4c\x31\
\x5d\xc1\xde\x81\xd3\x9f\x2d\xfa\x4d\x98\xdd\xbd\xd4\x4b\xcf\x55\
\x84\xbc\x83\x16\x21\xc7\x65\x14\x8a\xd7\x7b\x63\x85\x8e\x0a\x8d\
\x04\x4f\xcf\x79\x8b\xc5\xb9\x21\x7a\xab\x2a\x73\xa5\x37\x43\xda\
\x28\x68\xd6\xf3\x2f\x8a\x69\x5f\xf6\x19\x27\x37\xad\x3a\x78\xaa\
\x30\xbb\xba\xed\x15\x26\xef\x15\x4f\x43\x13\x2a\x34\x95\x96\x84\
\xf2\xf6\xeb\xe8\x77\xab\xb0\x47\x34\xa1\x41\x5e\x98\x0a\x6d\xc8\
\xed\x59\x6f\x5a\x3c\x6d\x56\x91\xeb\x9d\x7e\xc3\x3f\x76\xd9\xbf\
\xff\x2a\xd6\x31\xde\x1c\x9c\x1c\x9b\xde\xf1\x54\xc1\xb7\x85\x34\
\x92\x2f\xf0\xdc\x1d\xce\xdb\x31\x47\x56\x44\x46\xf0\xb5\xb6\x6a\
\x9f\x10\x70\x47\xce\x7b\xa2\xb5\xad\x0a\x5f\x61\x16\xda\xc8\x19\
\x6b\xff\xd6\x63\x8d\x40\x39\x09\x16\xd7\xe5\x6a\xe1\x16\x5c\xb8\
\x2f\xd2\x77\xbc\xb2\x56\xbc\xa0\x64\xfa\x85\xa5\x9f\xd4\xec\xcf\
\xad\x6c\x5f\xca\x2c\x80\xab\x68\x32\x47\xc3\x1b\xc3\x78\x63\x69\
\xc3\xee\x5d\xbf\x56\x2c\xb7\x09\xed\xf8\xa8\x09\x9c\xac\x7e\xc5\
\x52\x55\xba\xb8\x2b\x99\x85\xe8\xfe\x0d\x0f\xbf\x9a\x2e\x5e\x5f\
\x09\xe9\xc5\xc7\xde\x33\xec\xca\xaa\x60\x6b\xfe\x6b\xab\x2e\x86\
\x3c\xe1\x9c\xee\x86\xc9\x0f\xbc\x9c\xe9\x21\x11\xc7\x98\x39\x28\
\xfe\xd9\x8d\x96\x4e\x99\xa2\x46\xf8\x2d\x4d\x1e\x0d\x17\x88\xe5\
\xa8\xb8\x98\xb0\xae\x60\x3b\x8d\x81\xdd\xc9\xf3\x89\xb4\xd5\x91\
\x9d\x6e\x96\x03\x79\x2c\x4e\x30\x22\xe6\xbf\xb5\xcc\x33\xc6\xf1\
\x35\x0c\xf4\xc4\x6d\xb0\xf4\xb3\x89\x66\x07\x82\xa8\x70\x4f\x3f\
\xd8\x9f\xdf\xa9\x99\xe2\x21\x11\xe7\x34\x39\x79\xe5\xb6\xad\xaa\
\x4a\x72\x13\xbb\xc0\x6c\xdf\xb5\x30\xb5\xb0\x71\x20\x8f\xd5\x09\
\xc6\xa4\x95\x1f\x3e\xea\xf0\xa0\x2d\xdd\x2f\xc3\xb3\x72\xca\x13\
\x26\x3d\x59\x0e\xec\xe9\x07\x8b\x5e\xb8\x75\x89\x18\x02\x1b\x9a\
\xb0\xee\x35\x96\xa3\xf9\x2f\x1c\xa2\x76\x6a\x8b\x69\x7e\x11\x39\
\x2c\x4f\x30\xa6\x67\xe5\xff\xc9\x7b\x9c\xfc\x84\x23\xe7\x2c\x7a\
\xc1\xdb\x3d\xee\x59\x69\x09\xe3\x1f\xc4\x11\xd9\x17\x64\x70\x8f\
\xc9\xe1\xa4\x0d\x39\x8e\x16\x58\xc0\x1d\xb9\xff\xe6\xda\x0f\x39\
\xa0\xef\x2a\xdc\x26\x92\x7e\xb8\x9d\x4b\x68\xb3\x37\x68\x66\xf8\
\x4e\x50\xd4\x39\x6a\xde\x82\xee\x5e\xb7\xc1\x29\xc3\x18\x42\x71\
\xcf\xc5\x21\x41\x89\xeb\xd7\x3b\x52\x60\xfd\x6e\x7b\x7a\x17\x84\
\x05\x98\x57\x30\x48\x15\xfd\x46\x24\xdf\x2e\x1e\x3b\x7a\x9b\x08\
\xef\x1d\x50\xf3\xfe\x55\x3b\x15\xf6\x4b\x0e\x79\x39\xa7\x66\xef\
\xe8\x71\x25\xa3\x0b\x8a\x38\xe6\x44\x5a\x91\xdc\xd3\x0f\x36\x24\
\xd1\x7c\x34\x77\x88\xc0\xfa\xc6\x65\x1e\x5c\xb5\xbf\x71\x12\xc7\
\x43\x8c\x72\x94\xc0\xba\x5f\x4a\xba\x62\xf2\xf6\xc0\x85\xec\x40\
\x9f\xb8\xcc\xc3\x8e\x98\xbf\x1e\x45\x46\x17\x14\xa7\xdc\x93\x85\
\xce\xdd\xa4\x72\xc8\xe9\x68\x92\x5a\xbf\xf8\x93\xd3\x37\x73\x09\
\x2c\xcf\xb1\x02\xfb\xe5\x89\x9c\xaf\x55\xa9\x39\x3b\x70\x8b\x90\
\x6f\x67\xd3\x40\x71\x8f\xab\x7e\x25\x11\xc7\xcc\x68\xe9\x74\x39\
\x59\xfa\xf1\x3c\xfb\xe7\x23\x95\xb5\xf0\x59\x61\xb6\x46\x53\x2f\
\x98\xd8\x65\x60\xd0\x13\x97\xb7\x65\x29\x04\xb5\xaf\xbb\x3d\xfb\
\x3f\x76\x5c\xc9\x0a\x9d\xb2\x61\x0b\xac\x06\x3d\x3b\x5f\x1b\x27\
\x7b\x8d\x95\xda\xad\xfb\x0e\x9c\xc0\x60\x83\xcc\xfa\xa0\xe0\xc1\
\x6e\x76\x92\x0e\xd1\xd6\x58\x85\xcc\x57\xf8\x4c\x5b\xbd\xd5\x2e\
\xfe\xba\xa9\xd9\x1f\xf6\xf8\x72\x1e\x25\x81\x4e\x1b\xf1\xb7\xd7\
\xe6\xdf\x3b\x36\xfd\xd4\x8c\x35\x07\xee\x61\x7d\x40\x0a\x8d\x29\
\xc2\xd9\x3a\x43\x9b\x3b\x4c\x72\x36\x00\x34\xcf\x69\xc2\x3a\x9b\
\x9b\x0d\xc0\x26\xde\xe3\x4a\x5a\x46\x06\x38\x6d\xee\x12\xf6\x13\
\xde\xe3\xd2\x4f\xda\x76\x05\x4b\x3f\x39\x6b\xcd\xc1\x04\xe6\x15\
\x8c\x5a\x91\x9c\xb5\xf5\xb8\xd9\x93\xc6\xd9\x08\xf0\xa7\x7c\xe7\
\x8b\xab\x6d\x96\xef\xa4\xe9\xac\xc4\x97\x0e\xcf\x74\x5a\xbb\x8f\
\xb2\xa8\xc5\x62\x9e\x2e\xe2\x89\xb7\x52\x6c\x35\x21\x20\xb0\x99\
\x6b\xbf\x48\x64\x16\x18\x5d\x29\x60\xc5\xf0\x70\x62\xc0\x93\xc6\
\xdb\xaf\x0d\x46\xd8\xc3\x9b\x95\xb6\xc8\x77\xc2\x5e\xcf\x92\xe7\
\x5f\xd4\xe2\x5f\x56\x3f\x59\xe0\x8c\xe7\x5e\x75\xb8\xc0\xe8\x0a\
\xe1\x3a\xad\xc6\x89\x27\x6f\x5b\x2d\x73\x91\xca\x5f\xb6\x2c\xf7\
\x8c\x96\x1a\xad\x9f\x53\xc5\x89\x87\xff\x59\x75\x87\xa5\x4b\x28\
\xc4\x77\xc6\x32\x74\xae\x86\x20\x69\xbf\x5b\xb3\xf2\x1c\x25\x30\
\xa8\x88\x76\xc5\x5e\xf6\xd0\xdf\x95\x57\x68\x31\xc9\xef\xcd\xa7\
\xcd\x01\x9b\xad\x39\x99\xb3\xcc\xa9\x4c\xdb\x3a\x4c\xfc\x7d\x05\
\x3d\x79\x30\x7b\xfc\xe3\xd7\xbc\x66\x6f\x81\x41\x27\x47\x57\xee\
\x61\xcf\xdb\x66\xab\x2b\x5c\xc4\x9a\x58\xf7\x1a\x2b\x6b\x18\x34\
\xeb\xef\x1b\x97\xee\xa9\x67\x32\x10\x3c\xff\xad\x13\x14\x93\xc0\
\x8a\x01\x39\x40\xe6\xf2\xb0\x15\xef\x3f\xce\x10\xc5\xbe\x00\xbf\
\x27\x74\xce\xa6\x0c\x88\x7a\xb3\xfe\xd9\xa2\xbb\x38\x6d\x04\x14\
\xd8\x66\x70\x5a\x85\xa6\x66\xed\x4b\x82\x53\xf7\xaf\x2d\x4f\x5e\
\xe3\xd2\xcf\xf8\x4f\x52\xe9\x02\xa6\xe5\xbe\x3b\xfa\xd1\x37\x56\
\xc2\x61\x8c\xf9\x54\x4e\xc3\x2c\x4e\x33\x29\xd6\x18\xf5\x60\x52\
\x82\x67\xbf\xf4\x74\xc0\xb4\x9c\x6d\x01\x53\x72\x76\xc0\x08\x9c\
\xb9\x66\x13\x1c\x14\xe6\xbc\x6e\xb8\x8b\xbb\x07\x05\x75\xa5\x7a\
\xb8\x11\x10\x36\xe0\xb5\x0a\xd9\x7a\x40\x72\xdf\xa9\x62\x3e\x0a\
\xce\xca\x6a\x9b\x0d\xfa\xc6\x53\x6b\x8f\x5b\x76\x76\x06\x8b\x8d\
\xb2\xb8\x5d\x14\xa1\xc9\xe9\x89\xd7\xe9\x26\x04\xa2\xd8\xbc\x75\
\x88\x57\x3b\xe0\x4d\x17\xbd\x9a\xc6\xfe\x7b\x34\x6e\xab\xd0\xd5\
\x0e\xa8\x90\x77\xda\x9e\x65\xc4\x5c\x1e\xd6\x16\xea\x90\xc9\xa0\
\x66\x40\xb7\xee\xe4\x7c\x19\xd0\x8e\x0b\xbc\xf6\x8e\x11\x98\x29\
\x62\xb3\x2b\x5c\xd0\x2a\x3f\xd0\x30\x80\xe7\x30\xc0\xbd\x82\xd1\
\x09\x77\xaa\xfd\x82\x03\x80\xfa\x03\x7b\xce\xe9\x25\x07\xec\x48\
\x97\xea\xba\x08\xa9\x1c\x28\x7a\xe5\x2d\xa8\x60\xaa\x89\x14\xbb\
\xaa\x59\x24\x2e\x15\xef\x44\xd9\x5a\x5c\xe6\xcb\x58\x5d\xf9\xa5\
\xa5\x62\xeb\x43\x45\x11\xa2\xd4\xd9\x64\x03\x1b\x05\x7f\x9e\x47\
\x2f\xc6\x9c\x86\xa2\x2f\xd9\x2a\x4d\x53\x20\x84\x6c\x20\x37\xcb\
\xd3\xd9\xb2\xfb\x76\x12\xad\xe9\x46\x38\x91\xbb\xd5\x0b\x0b\x2d\
\x97\x20\x70\x6b\x4e\x08\x73\x14\x57\x80\x45\x07\x22\xe1\x42\xd1\
\x0f\xfd\xf1\x46\xda\x9e\xbf\x1c\x60\xf3\x86\xd0\x07\x94\xe4\x29\
\x8b\x48\x90\x52\x43\x86\x9a\x85\x44\x9d\xad\x60\xa1\x86\x6b\x6f\
\x60\x7f\xd7\x2b\xae\x90\x86\x7f\x24\xbc\x41\xb0\x77\x83\x18\x9b\
\x79\x22\x2e\x0d\x98\x18\x28\x27\x83\x5f\xdf\xbe\xdd\x85\xdb\x7f\
\x23\x08\x82\x20\x08\x82\x20\x08\x82\x20\x08\x82\x20\x08\x82\x20\
\x08\x82\x20\x08\x82\x20\x08\x82\x20\x08\x82\x20\x08\x82\x20\x08\
\x82\x20\x08\x82\x20\x08\x82\x20\x08\x82\x20\x08\x82\x20\x08\x82\
\x20\x08\x82\x20\x08\x82\x20\x08\x82\x20\x08\x82\x20\x08\x82\xf0\
\xf1\x7f\x26\x3b\x08\x80\x2e\xc4\x67\xa0\x00\x00\x00\x00\x49\x45\
\x4e\x44\xae\x42\x60\x82\
\x00\x00\x1c\xa1\
\x89\
\x50\x4e\x47\x0d\x0a\x1a\x0a\x00\x00\x00\x0d\x49\x48\x44\x52\x00\
\x00\x00\x99\x00\x00\x00\x99\x08\x06\x00\x00\x00\x3c\x5c\x98\xba\
\x00\x00\x00\x06\x62\x4b\x47\x44\x00\xff\x00\xff\x00\xff\xa0\xbd\
\xa7\x93\x00\x00\x1c\x56\x49\x44\x41\x54\x78\xda\xed\x9d\x07\x74\
\x14\xd5\xfe\xc7\x51\x91\x2a\x0f\x11\x43\x51\x14\x15\x69\x42\x08\
\x04\x90\x2a\x3d\x10\x08\x5d\x40\x91\xa2\x20\x08\x3c\x40\x40\x92\
\x4d\xb6\x66\x13\x5a\x62\x02\x09\x10\x04\xa4\x08\x88\x88\x08\x3c\
\xfc\xfb\x90\x87\x85\xa2\xe9\xdb\x53\x21\x40\x42\x4d\x90\x4e\xca\
\xd6\x84\xf9\xdf\xdf\xc2\x60\xc4\xdd\x99\xd9\xdc\xd9\xdd\x99\x64\
\xee\x39\xdf\xc3\x39\x0a\xbb\x73\xef\x7c\xf6\x96\xdf\xfd\x95\x5a\
\xb5\x84\x26\x34\xa1\x09\x4d\x68\x42\x13\x9a\xd0\x84\x26\x34\xa1\
\x09\x8d\x0b\x4d\x99\x4d\xd4\x41\x7a\x41\x94\x4a\xb4\x52\x1a\xfe\
\x2e\xa9\x9e\x78\x19\xfd\xbf\x16\x95\x15\x92\x8e\xfe\x54\x13\x2f\
\x3e\xa9\xb0\x3f\x88\x26\x4a\x1d\xf1\x7c\x65\x89\xce\x10\x8d\xd0\
\xbf\x79\xee\x6f\x52\x13\x0d\x94\x27\x89\x7a\x95\xb5\xf8\x1c\x51\
\x17\xfd\x59\xfb\x49\x09\x6f\x87\xaf\x50\x29\x89\xa7\x01\x0a\x99\
\x86\xe8\x28\x57\x5b\x7b\x89\x35\xb6\x77\xf8\x20\x04\x7c\x7f\xb9\
\xd6\xd6\x07\x24\x46\xcf\x2d\xd7\x59\x7b\x82\xc2\x54\xd6\x6e\x20\
\xb9\x96\xf0\x93\xab\x2d\xbe\x20\xe8\x9b\x4c\x63\xe9\x28\x56\x5b\
\x3a\xc8\x52\xcd\x6d\x41\xca\x0c\xe2\x0d\x59\x9a\xe9\x75\x90\xa3\
\x1f\x91\x58\x4b\xf8\x3c\xfc\xc1\x14\xbf\xf8\xf8\x87\x92\x4a\xfc\
\xeb\xf1\x8f\x83\xfc\x51\xc0\x8f\xf2\xf1\x8f\x80\x78\x4a\x20\xaa\
\x32\x5c\x68\x06\x91\xe9\x88\xb6\xf6\x97\xc4\x13\xb0\x78\x21\x9d\
\xad\x9f\x3c\x83\xf0\x0d\x55\x13\xaf\x2e\x4e\xbd\xfd\xaf\x1a\x09\
\xd7\x27\x6a\xe2\x59\xb1\x9e\x68\x27\x00\xe1\x19\xc9\x35\x44\x77\
\x91\x96\x78\xe9\x00\x41\x3c\x53\x33\x66\xaf\xe4\xfb\x2f\x48\x35\
\xd6\xde\xc2\xcb\xf7\xc2\xf2\x8e\xc6\x1d\x2d\xc9\xcd\xaa\x35\x60\
\xb0\x91\x17\x5e\xb6\xf7\x25\x31\x10\x9d\x61\x35\xa9\x76\x80\x49\
\x33\x89\x57\x84\x17\xcc\x1d\x85\x69\xac\xdd\xe1\xc0\x50\x6d\x00\
\x93\xa4\x96\x36\x17\x5e\x2c\x07\xf7\x6a\xe8\x24\x5c\x2d\x66\x34\
\x38\x41\x8a\x55\xb6\x7e\x55\x1d\x88\x8f\x0e\x17\x04\xce\xf8\xee\
\xc2\x28\xd0\x84\x2d\x9a\x89\x23\xd7\x26\xbe\x07\x1a\xba\xe6\xf4\
\xb4\x7e\x92\xa3\x73\x40\x7d\xc5\x3f\xcd\xf5\x5b\xf4\xdd\x32\x52\
\x1d\x67\xed\x91\xb6\x9b\xb5\x4b\x01\x6a\xf3\xc1\xb6\x55\xad\xa7\
\x7c\x11\x43\xa5\x97\xc7\xae\xdf\xdc\x72\x5c\xfc\x16\x3a\xb5\x18\
\x15\xf7\x15\x88\xc9\xdf\x85\xcf\xa4\xfb\x5e\x78\x36\xf2\x39\xe1\
\x99\x2b\xf7\x01\xfa\x44\xf6\x0f\xfa\x4a\xf6\x1b\xc6\x80\x1c\x0f\
\x18\x1b\x6c\xd8\xb4\xc4\x5b\xbc\x87\x0c\x6c\x45\xae\x74\x7a\xf2\
\xae\xec\xb1\xcd\x46\xc4\xee\x7b\xc6\x4f\x54\xfa\x54\xe7\x60\x42\
\x10\xbd\x9e\xf6\x15\x99\x1a\x0f\x58\xf9\xb3\xdf\xfc\x7d\xcb\x43\
\xd3\x4d\x03\x5c\x05\x4d\x89\x8c\xd9\xfc\x9d\xc5\x92\x88\x66\x4c\
\x3b\x1a\x92\x6c\x1a\xd8\x6a\xfc\x86\x8d\x02\x5c\x78\xaa\xd7\x53\
\x7a\xb6\xcb\xbc\x6f\x83\x5d\x02\x0d\x19\x92\xc1\x20\xce\xcf\xbd\
\x98\x81\xf0\x67\xd2\xc9\xa9\x7b\x72\xc7\x34\xec\x13\xae\x11\x20\
\x61\x4f\x4d\x06\xad\x3c\xe6\xca\x72\x1a\x92\x5e\xca\xbf\xd9\x0c\
\x59\x9b\x1b\x33\xe9\x5c\x50\x7c\xda\xe4\x3a\xfe\x92\xcb\x02\x18\
\xec\xab\x6e\x0f\xe9\x85\x89\x9b\xf5\x13\x18\x1d\x02\x54\x44\x37\
\xde\x41\x16\xa6\x21\xde\x64\x32\x83\x09\x80\xb9\x57\x75\xfc\xc5\
\xd7\xa6\xed\xce\x1d\xcd\x68\x6f\xc6\x2f\x93\x06\xf1\x14\x9d\x55\
\x1f\xf6\x60\xc2\x12\xe9\x19\x35\xe8\xa5\xd0\x85\x24\x97\x0c\xa4\
\x35\xd2\x22\x53\x53\xb5\x5a\x2a\x61\x93\x2f\x00\xe0\x39\xb5\x7a\
\x37\x61\x3d\xdd\x3b\x91\xe9\xcc\x6d\x79\x74\x7d\x64\x6c\x45\x67\
\xa6\x10\x4e\x91\x9e\x15\x8c\xf7\xf4\xaf\x2f\x04\x51\xee\xcb\x90\
\x4b\x12\x6f\x20\x93\xa9\xcc\xed\xa9\x3a\xe3\x33\x3c\xfa\x5b\xe1\
\xc5\x7b\x5e\x2d\xc7\xae\xdf\x4a\x77\x03\xc0\x1f\xd3\x85\xda\xea\
\xd4\x74\x01\xc6\xc2\x67\xba\x08\xb3\x98\x37\x54\xbb\x5b\xd8\x75\
\x2a\x63\xad\x54\x6d\xeb\xcf\x9f\xcb\x70\xf4\xb0\xce\x3a\xb2\xe0\
\x7f\x7f\x0e\x13\x5e\xb8\xf7\xd4\x4f\x76\xec\x63\xaa\xd9\xac\x16\
\xc1\x03\xcf\x5a\x70\x01\xa6\xea\x04\xdc\xb9\x09\x2f\xdb\x7b\x7a\
\x79\x5c\xfc\x66\xaa\xf7\x43\xf0\x04\xb2\x7a\x54\x9d\x00\xe3\xa0\
\xf0\xb2\xbd\xb8\x2f\x0b\x5a\xb7\x9d\xd2\x56\x46\xf0\xe0\x7a\x29\
\xc6\x40\x34\xa4\xea\x44\x60\x4c\xd2\xfb\xc2\xcb\xf6\x22\x64\xa3\
\xe3\xbf\xa4\x7a\x3f\xbc\x70\xd1\xa6\xb3\x91\x0d\x8e\x3c\x31\x93\
\xe5\xa3\x79\x79\x83\xde\x8a\x12\x50\x93\xa1\x6b\x6e\xa2\x93\xeb\
\xf5\x66\x23\x3f\x2f\x7a\x6d\xf2\x17\x05\xa0\xf6\xd3\x77\xe4\x75\
\x9e\xb3\x3b\x17\xd4\x6b\xd9\x21\x03\xe8\x1d\xd9\x51\xed\xe0\x88\
\xe3\x6a\x47\x0a\x8a\x4b\x4a\x1b\xbd\xce\xb9\x26\xed\xd0\xa7\x52\
\xfd\x7f\xf8\xf7\xce\x3e\x1b\xbe\x97\x7c\x06\xf2\x99\xe0\xf9\xc8\
\x67\x85\xe7\x86\xe7\x87\x7e\x90\x7d\x82\xfe\xb1\x3b\x93\xc5\x51\
\x9e\x30\x79\x11\xf6\x27\x4e\x2b\x6e\x4a\xd5\x09\xf0\x8f\x62\x63\
\xb0\x90\x6b\xcb\x1d\xa9\xda\x94\xab\xcc\x2c\x2f\xac\xee\x92\x6a\
\x4d\x39\x2f\x0e\x5b\x73\x83\x95\x3d\xd9\x98\xb8\x2d\x54\xef\x87\
\x17\x4e\x8c\x10\xa8\x40\xd5\x89\x1e\x4b\x0f\x2f\x64\x63\xb0\x60\
\xd6\x50\x64\x5a\x4f\x84\x1b\xca\x37\x57\x7b\x65\xd8\x4e\x02\x68\
\x4f\xf9\x86\x3c\x60\x61\xb9\xdc\xcc\xfb\xfb\x4b\x91\xb6\xec\x25\
\xaa\x4e\x80\xd7\x27\x1b\x90\x4d\xdf\x7f\x26\x51\x91\x69\xf9\xbc\
\x26\xb8\x49\x87\x67\x56\xac\x87\x19\x8d\x8d\xa5\xf3\xe5\x31\xf1\
\x9b\xa8\xbe\x0b\x22\xe7\xb9\x6f\x23\x43\x11\xd0\x54\x9d\xe8\x34\
\x67\x6f\x18\x1b\x90\xcd\xfb\xef\x95\xdf\x15\x19\xb6\xc8\x9a\x04\
\xd9\xb3\xfe\x62\x33\xf6\x1d\xe6\xe8\xf5\x09\x34\x7b\xb2\x7a\xbc\
\xbf\xb7\x6c\xf7\xe1\x2e\x05\x1b\x90\x7d\x7a\xea\xf6\xef\x72\x83\
\x4d\x52\x93\x20\xab\xdf\x4b\x5e\x86\x0f\x59\xfc\x46\x4a\xc8\x0a\
\x78\x01\x19\x75\x6c\x25\x04\x4f\x60\x43\x86\xf6\x26\xa2\xe4\x92\
\x24\x99\xc1\x26\xae\x49\x90\x3d\xd7\x37\xa2\x18\x1b\xb2\xa0\xb8\
\x0d\x54\xdf\xb5\x2e\x99\xa8\xcf\x87\x8d\x3f\x25\x64\xad\xa7\x6c\
\x89\xc1\x1d\x28\xe4\x87\x76\x3f\x34\xad\x2c\x49\xae\xb7\xac\x71\
\xf8\x3d\xa9\x96\xb7\x9e\xcc\x06\xe4\x2c\x23\x90\x33\xd9\xff\xae\
\xa3\xcf\xd0\x9a\x5a\xdb\x93\xa4\x18\x88\xd7\xed\x89\x53\x50\x2e\
\x0f\x48\xa4\x02\x22\x93\xab\x90\x09\x57\xa4\x5a\xa2\x87\x5c\x47\
\xf4\xc4\xcd\xf5\x41\x42\xd6\x78\xc0\x8a\x3b\xf8\x90\xad\xa5\x9e\
\xc9\x50\x74\x19\xf7\xf7\x64\xe9\xd4\x41\xbc\xad\xc6\x27\x6c\xc0\
\x1d\x28\x9f\xc0\x98\x2b\xc1\x68\x26\x0b\xcf\xb0\x6e\xfc\xa7\x27\
\x01\xd1\x53\x79\x80\x9b\x27\xa4\xc9\x07\x88\x67\xe0\xf4\xb6\x0c\
\xcd\x16\xf6\xac\x3c\x28\x4b\x8f\x38\x8d\x68\x0a\x27\x72\x89\x9a\
\x68\xe9\xec\x07\x4a\x42\xd6\x64\xf0\xea\x5b\xb8\x63\xf7\xea\xc8\
\xb5\x94\x33\x59\x30\x32\xa6\x73\x1f\x32\x9a\x48\x71\x70\x37\xc1\
\x1d\xa8\xd6\x93\x36\x9d\x43\x90\x25\x86\x67\x55\xec\x76\xe4\x49\
\x20\xd5\x5a\x7b\xc0\x6c\x06\xcf\x12\xaa\xbe\xd3\x98\x4f\x91\x38\
\x90\x8e\xca\x19\x64\x3e\x01\xd1\x7f\x62\xcf\x64\x23\x63\x37\xd0\
\x98\x30\x9e\xe3\x83\xc5\xff\x55\xaa\x4e\xb4\x18\xbd\x6e\x27\xee\
\x40\x75\x98\xb5\x2b\xfb\xb3\xe4\xe2\x44\xb0\x1f\x31\x4a\x34\xa2\
\xb3\xf5\x85\xbc\x60\xe2\x5c\xa2\x29\xd7\xbd\x0c\x1c\x79\xb0\x90\
\x90\x35\x0f\x8c\x2d\xc4\x9e\xc9\x82\xa8\x67\x32\x51\x22\xd1\x88\
\xf7\x7b\xb2\xe6\xa3\xf0\x21\xeb\xba\xe8\x80\x7e\xc9\xe9\xbb\x49\
\xe1\x59\xe5\x05\x68\xbf\x33\xd0\xd5\x18\x43\x98\xe1\xb8\x7a\x7d\
\xe2\x28\xda\x9e\x84\xec\xa5\x31\x71\x57\xdd\x3d\x93\xf1\x22\x9f\
\x19\x9d\x31\x96\x0d\xc8\x7a\x87\x1d\x55\x2f\xfa\xf5\x66\x9a\xfd\
\xca\x45\x6f\x9d\x51\xb5\x34\x4a\x44\x6f\x38\x09\x73\xcd\xb5\xc5\
\x3e\xeb\x3a\x81\xac\xd5\xc4\x0d\x97\xb0\x21\x0b\xa4\x86\x0c\xb6\
\x17\xdc\xf7\x8a\x4d\x25\x9a\xbb\x1b\xb2\x01\xca\x13\xaa\x79\x3f\
\xfd\xa9\xb5\xdf\xed\x65\x54\x44\x61\x67\xb7\x41\x29\x32\xb9\x32\
\x7e\x8e\x4e\xa2\x24\x64\xaf\x4f\xd9\x94\x8f\x0d\x59\x40\xf4\x46\
\x6a\xc8\x08\xee\x43\x06\x39\x4e\xdd\x0d\xd9\xe0\x95\x27\x55\x1f\
\xff\x58\x94\x03\x03\x1f\x6e\xb0\xfd\xc1\x86\x2d\x0a\xcc\x12\x5c\
\xc8\xb7\x2a\xa6\x80\xac\xcd\xd4\xad\xe7\xb1\x21\x1b\x1a\x45\x6d\
\xf1\x47\x27\x5e\xee\x43\x86\x32\x29\xba\x1b\xb2\x61\x51\x7f\xa8\
\x66\x1e\xbc\x74\x95\xf4\x52\x40\xf6\xb2\x29\x6c\x80\x86\xf6\x93\
\x9d\xbd\xbd\x57\x73\x14\xaf\x4a\x42\x06\x6e\x41\xf8\x90\xad\xa6\
\x84\x2c\x2c\x83\x68\xc2\x7b\x7f\x32\x36\x20\x1b\x1e\x93\xac\x9a\
\xb6\x3f\xbf\x38\xdc\x60\x2d\x50\x18\x2c\x17\x06\xc8\xff\x7b\xb8\
\x79\xe0\xe7\x7b\x21\xb6\xb0\xc7\xd2\x23\x0b\x3f\x3d\x75\x77\xb0\
\x3d\x58\x55\x6d\x1b\x2c\x51\xd9\x02\x5c\x5d\x3e\xbd\x79\x49\x2c\
\x57\x13\xbd\x9c\x41\xd6\xe9\xe3\xdd\x67\xb0\x2f\xc8\x87\xae\xa1\
\xbc\x20\x57\x26\x13\x2f\x70\x7f\x26\x43\x76\x16\x77\x43\x36\x62\
\x6d\x8a\x1a\x20\x13\xab\xca\xd2\x9b\x05\x46\x17\x3d\xd5\x69\x39\
\x51\x59\xb5\xbb\x88\x6e\xfb\x2d\xd8\xf7\x6d\x44\x8e\xb1\x00\xa9\
\x28\x32\xd7\xfc\x83\x52\x6f\x1e\xcd\xf8\x50\xa0\xb7\xbe\xed\x2d\
\xcb\x37\xb2\x93\xbd\xed\x0c\x32\xdf\xf9\x7b\x73\xb0\x21\x1b\xbc\
\x8a\x12\x32\x30\x0e\x73\x1f\x32\x1a\x1f\x7f\x36\x20\x1b\x19\xaf\
\xd2\x00\x64\x01\x6b\x4e\x9f\x7e\x12\xb0\xca\x7a\x79\x5c\xdc\xa5\
\x30\xd5\x1d\x43\xc4\x19\xe3\x9f\x11\xb9\xa6\x3c\x45\x8e\x75\x01\
\xe3\x2c\x84\x68\x6f\xe4\x8d\x03\x81\x54\x65\x75\x0a\x59\xd7\x45\
\xdf\x66\x61\xfb\x93\x0d\x58\x49\xed\x4f\x86\x6a\x06\x70\x1f\x32\
\x64\x5d\x77\x37\x64\xa3\xe2\x55\xf6\x99\xac\xfd\xec\xdd\x69\x54\
\x90\x3d\x9a\xd5\x6c\x13\x36\x25\xa5\xa0\x19\xed\x5a\x64\xae\xb1\
\x50\x99\x6d\x5e\xcb\x78\xf9\x44\x36\x2b\x4f\x2f\x1f\x10\x60\xeb\
\x0c\xb2\xee\x4b\xbe\xcf\xc0\x9e\xc9\xfa\x47\x6c\xa1\xb9\xbb\xe4\
\x3e\x64\xce\x8e\xe1\xac\x2e\x97\xb1\x0f\x97\xcb\x36\x33\x76\xaa\
\xe9\x20\xfb\x6b\x56\x5b\x77\x25\x34\xfd\x76\x06\xcc\x6a\xca\x1c\
\xe3\x21\xa6\x7b\x35\xb8\xe6\xf1\x64\xee\x2e\xfb\x95\x98\x13\xc8\
\x7a\x2d\x3f\x64\xc0\x9e\xc9\xfa\x2a\xb7\xd2\xa4\xf7\xf4\xe1\x07\
\x64\x68\xf3\xec\x89\x8d\xbf\x2b\x90\x81\x9e\xe9\x12\x52\x3e\x71\
\x73\x4a\x1a\xcc\x68\x91\xd9\xc6\x74\x69\x86\x65\xb2\x0b\x27\xcf\
\x56\x9e\x19\x3b\xa2\xbb\x33\xc8\xfa\x06\xff\xa0\xc7\x86\xac\xb7\
\x72\x1b\x4d\x3f\xf9\x91\xe7\x1f\x9d\x90\x7c\xdd\x6d\xc2\xa8\x0a\
\x64\xa4\x3a\x7c\xb8\x3d\x4f\x91\x51\x7c\x3e\x32\xc7\x78\x51\x6e\
\x30\x32\x4e\x7d\x29\x53\x9b\xdb\xb8\xdd\x98\xed\x20\x3b\x25\x09\
\x19\x44\x3b\x61\x43\xd6\x47\xb1\xbd\x5a\xa4\x8f\x42\xbe\x56\xed\
\xdd\x6d\x8c\xc5\x81\x0c\xd4\xa8\x5f\xf8\xfd\x65\x27\x0b\xd5\x11\
\xb9\xc6\xeb\xe1\xd9\xa6\xad\x62\x86\x77\xa0\x32\x15\xd1\xde\x9d\
\x97\xec\x8e\xf2\x88\x90\x90\x0d\x0e\xff\x1f\x6e\x3e\xb7\x07\x2d\
\x7a\xc9\x76\x52\x43\x46\x70\x13\x32\x88\x3a\xae\x5c\xbe\x0f\x1c\
\xfa\xdc\x09\xd9\xa0\x15\xbf\xa5\xe3\x42\x06\x7a\xda\x37\xf8\xc1\
\x84\x4d\x89\xea\x87\x66\x0e\xd3\x31\x99\xc6\xcc\x28\xc7\xaa\x5c\
\x4f\x74\x72\x57\xa4\x35\x38\x3b\x3a\x83\x6c\xc8\xaa\x5f\xd5\x78\
\x59\xb2\x83\x6d\xcd\x7b\xd2\x40\x96\xc9\x11\xc8\x00\x26\xf0\xe5\
\x87\x4a\x64\xd2\xf4\x7f\x5e\xe8\xd2\x45\x2b\x21\x97\x95\xbd\x38\
\xfa\xf0\xfb\xec\x03\x6c\x40\xf6\xd7\xf2\xb9\x23\x4f\x91\x59\x72\
\x3e\x22\xb7\xcc\x20\xd5\x58\xde\x63\x66\xe2\x20\xfc\xdc\x71\x3b\
\x20\xd1\x11\x5d\x9d\x41\x16\x18\x75\x42\x85\x9b\x8a\x9d\x0e\x32\
\xaf\x27\x28\x86\x10\x76\xb8\xe3\x43\xde\xa7\xfd\xbc\xe9\xf3\x1e\
\x73\xa5\x62\xfd\xec\x23\x57\x2f\xb2\x05\x19\xa8\xc9\xc0\x15\x77\
\x24\xea\x3b\x99\x11\x39\xa6\xf3\x8a\x2c\xeb\x5c\x66\xd5\xd7\xd8\
\xbf\x1d\x70\x54\xf7\xe0\x31\x64\xd1\x27\xb1\x20\x83\x94\x5d\xf4\
\x90\x79\x31\xa7\x3f\xb8\x0d\x23\x17\x61\x7f\x2e\x04\x56\xc4\x5c\
\x21\xd6\x2f\x39\x79\x4b\xcd\x26\x64\xa0\x7a\x3d\x65\x65\x4b\x4f\
\x17\x6a\xd0\xe9\xf3\xaa\x32\xdb\x12\xc6\x08\x34\xe4\x9f\xc6\xa6\
\xcb\xb2\x5c\x6b\x75\x1f\x64\x7e\xa2\x7b\x74\x90\x79\xad\x70\xc4\
\x56\x14\xba\xee\xc8\x12\xed\x4d\xc8\x24\xda\xe2\x24\xb6\x21\x03\
\x3d\xeb\x27\xb2\xce\x3f\x9a\x9f\x06\x07\x02\x65\xb6\x71\x23\xb3\
\xd2\x31\xb6\x3e\x6c\x39\xfb\x49\x34\x96\x2e\xce\x20\x1b\xf9\x39\
\x1e\x64\xb5\xbb\x86\xde\xa6\xdd\x93\xa9\xcb\x5a\x7a\xe7\xb4\x88\
\x4a\x1b\x73\x29\x44\x0c\x20\x53\x66\x96\x25\xba\x03\x32\xfb\x81\
\x00\x9d\xc2\x26\x6d\x4b\x4d\xb3\x1b\x6e\x73\x2d\xdf\xc8\x54\xb6\
\x41\x9e\xba\x1d\x70\x64\xfe\xf9\x0b\xb2\xdf\xd3\xf1\x20\x0b\xbb\
\xc1\x49\xc8\xe0\x2e\x8b\x6b\x71\x88\x00\x59\x44\x96\x31\xc9\x5d\
\x90\x91\x1a\x19\xf3\xab\x3a\x32\xa7\xec\xba\x32\xc7\x7c\x5c\x96\
\x69\x1b\x4e\x7b\x3b\x80\xfc\xf3\x71\x8d\x99\x50\x8b\xd2\x19\x64\
\xa3\x62\xf0\x20\xab\xd3\x2d\xac\x88\x1e\x32\xc2\xf3\x90\x31\x2d\
\xc0\x25\xd3\xda\x86\x29\x0d\xb6\x40\x65\x4e\xf9\xf8\x15\xd9\xe5\
\x93\x22\xcf\x96\xcf\x5c\x75\x9e\x98\xb9\xf2\x42\xc5\xbf\xd7\xe4\
\x57\x2c\x8a\xce\x27\x42\xa2\x0a\x88\xb0\xa8\x82\x8a\x88\xe8\x4b\
\x15\xab\xa3\x2f\x12\xb1\xb1\x97\x2a\x36\xc4\x5e\xae\xd8\xec\xaa\
\xe2\xae\x3e\x38\xe9\xce\x99\xac\xb2\xfa\x88\x0e\x1a\x10\x68\x85\
\xc8\xcc\x91\x22\x33\x98\xc7\xba\xfb\x76\x40\xa2\xb2\xb8\x11\xb2\
\xd0\x6b\x9c\x83\x8c\xce\x6d\x47\x91\x49\x04\xc5\x5e\xad\xd8\x1f\
\x5f\x44\xe4\xc7\x15\x3d\x28\x74\xa4\x75\x85\x0f\x2e\xae\xbb\x56\
\x91\x13\x7b\xd9\xa6\x8f\x29\xb0\xaa\x57\xe7\x5b\xd3\x56\xe6\x99\
\x52\xd0\x9e\x27\x49\x81\x40\x91\xe9\x8a\x93\xc4\xaa\xfb\xc9\xa4\
\x44\xa9\xf7\x52\x82\x53\xee\xa4\x3e\xa9\x90\xb4\xbf\xfe\x0e\x68\
\xfe\xf1\xeb\x99\x9e\x80\x0c\xd4\x75\xe1\xd7\xd9\x11\xd9\x65\x57\
\x91\x89\x23\x8b\xe9\x55\x14\xd8\x0a\xab\xf4\xa3\x4e\xb7\x74\x72\
\x0a\x59\xec\x69\x3c\xc8\xfc\xc5\x97\xe9\x20\x83\x5a\xe5\x9e\x75\
\x3b\x41\xd1\xd2\xce\x89\xb7\x0d\x5e\x57\x58\xae\x8a\x2b\x7c\x70\
\x55\xae\xbd\xa5\x9e\xb9\x5f\x9b\x32\xf1\xcb\x94\xc4\xc0\x98\xdf\
\x12\x07\x29\x7f\x4a\x7c\x3b\xf8\x50\x72\xa7\x79\xdf\xa4\x75\x98\
\xbd\x47\xe5\x2e\x35\x1e\xb8\xe2\x8c\x27\x20\x03\xb5\x9f\xb9\xed\
\xac\x32\xab\xf4\x72\x64\x8e\x29\x0f\x81\x36\xcd\x5d\xb7\x03\x50\
\x7f\xd2\xe9\x9e\x6c\x2d\x1e\x64\x75\xfd\xc5\x17\x39\x07\x99\xa3\
\x93\x0e\x29\xb4\x04\x2e\x0f\x4d\x29\x4a\x6b\x16\x80\x92\xb3\x79\
\xe8\x45\x7b\x5b\xaf\x4f\xde\x98\x8f\x96\xe9\x7c\xb4\x74\xa2\x3f\
\x4d\xb3\x99\x99\x38\x2c\xbe\x10\x39\x8e\x73\xc8\x62\x0d\xb2\x6e\
\x92\x7c\x5a\x13\x86\xa7\x21\x13\xeb\x9c\x57\xdc\xed\x13\x72\x30\
\x1e\x4e\x61\x35\x05\xb0\xc7\x2e\x43\x63\x63\xaf\x28\x32\x4b\xf3\
\x90\xd1\xb6\x40\x91\xc1\xd0\x68\xeb\xc2\xed\x00\xe4\xd4\x70\x0e\
\x59\x22\xee\x4c\x76\x9e\x0e\x32\x69\xb2\xf1\x65\x4f\x7a\xb8\xd6\
\xa6\x75\x3e\xac\x61\x80\x91\x42\xf1\x04\x45\x32\xc3\xfd\x3c\xb4\
\xaf\xbc\xc4\xd4\xdb\x96\xe9\xed\x80\x3d\xd2\xdd\x09\x64\x90\x8f\
\x16\x0b\xb2\xee\x92\x3c\x5a\xc8\x50\xa2\x19\x8f\x41\xb6\x01\x0d\
\x88\x00\x99\x73\x35\x1d\xb2\xfa\x86\x5c\x7f\xff\x2c\xdc\x0e\x28\
\xf4\xc6\xe5\x8c\x1c\x20\x91\x41\x9b\x0e\x34\x47\x1e\x2c\x6c\x41\
\x56\xaf\xbb\xe4\x0c\xa7\x20\x0b\xa6\x49\x95\x5e\xd3\x21\x03\x41\
\xb2\x60\x85\xa1\xf8\x2c\xf2\x4b\x2b\x94\xe7\x58\x44\x4c\x67\x34\
\xaa\xa5\x53\xac\x27\xda\x39\x83\x0c\xf2\xe4\x62\x42\x96\x43\xbb\
\xf1\x47\x8e\x0f\x1e\x83\x0c\xc2\xd5\x05\xc8\xe8\xd5\x6c\x44\xd4\
\x0d\x85\xbe\xf8\x1c\xb8\x0b\x29\xb2\x2c\x72\xa6\xae\x42\x4e\x21\
\x4b\x33\x3b\x85\x6c\x4c\x5c\x32\x1e\x64\xfe\x92\x6c\x7a\xc8\x08\
\xcf\x41\x86\x6c\x64\x2f\x08\x90\x31\xdf\xa3\x29\x32\x4a\xce\xc1\
\x7d\xa7\x22\xdb\x12\xce\xc8\x60\xeb\xe4\x22\x1a\x6a\x4e\x3a\x85\
\x6c\x7d\x32\xee\x4c\x96\x49\x7b\xba\x34\x78\x12\xb2\x24\xea\x54\
\xe9\x02\x64\x8e\x40\x2b\x3e\xff\x68\x46\x0b\xa5\x4f\xf8\x62\xed\
\xed\xc8\xb4\xe1\xa8\xac\x36\x5b\x90\x35\xe8\x2e\xcd\xe0\x14\x64\
\x70\xbd\x20\x40\xe6\x9a\x5e\x1a\x1d\x7b\x0d\x81\x96\x8f\x0e\x03\
\xd7\x94\x99\xc6\x4f\xab\x72\xfd\x24\x53\x13\x6d\x9c\x41\x36\x6e\
\x03\x26\x64\xfe\x62\x03\xed\xc6\x3f\xdd\xf8\x8a\xe7\xac\xfd\x34\
\xa9\xd2\x05\xc8\x1c\xab\xd5\x84\xb8\xcb\xca\xac\xb2\x8b\x11\xd9\
\xc6\x2b\xca\x4c\xeb\x7c\xba\x43\xc0\x3f\x56\x90\x0c\xe2\x0d\xa7\
\x90\x25\xa4\xa6\xe2\xcd\x64\x4c\x20\x23\x04\xc8\xf8\xa0\xb6\x1f\
\x6c\xbe\xa0\xcc\x2e\xbd\x62\xb7\xa3\xd1\x78\xd9\x06\x1f\xbf\xde\
\xf0\xef\x3e\xfe\x66\xf7\x41\xe6\x2f\xd6\xd3\x42\x96\x29\x40\xc6\
\x1b\xf9\xce\xd9\x95\xfb\xd0\x7b\xc3\x54\x20\xcf\x2a\x9f\xc9\x34\
\x70\xc3\x51\x10\x0e\x09\xd9\xf8\x84\x14\xcc\x3d\x99\x44\xc7\x2d\
\xc8\xd0\xf5\x82\x00\x19\x9e\xfa\x87\x1d\xd6\x83\x3f\x9a\x3d\x0f\
\x87\xc1\x32\xd5\xe1\xbe\x0c\x2d\x8f\x7f\x5b\x2e\x75\xc4\x6b\x4e\
\x21\xdb\x88\x09\x59\x37\x31\x2d\x64\x90\xf3\x57\x80\x8c\x67\x1a\
\xbe\xfa\xb8\xda\x9e\xf0\x25\xdb\x98\x2b\x33\x58\x26\x39\xf4\xd4\
\xa8\xbc\x5c\xa6\x98\xbc\x0a\x99\xd2\x93\x90\xc1\x6d\x3c\x65\xaa\
\xf4\xd1\x6b\xb7\x09\x10\x31\xd2\x83\x69\x7b\x0c\x5f\x2a\xb3\x4d\
\xab\xc2\x1c\xc5\x75\x6a\x2d\x6f\xd1\xb9\x57\x91\x90\x4d\xdc\xa4\
\xc2\xdb\x93\x75\x15\xf1\x0b\xb2\x56\xe3\xd6\x27\x08\x00\xd1\xc5\
\x0a\x2c\xb7\xb6\x99\xb6\x6d\x25\xad\xcf\x19\x43\xc8\x70\x37\xfe\
\xf5\xb9\x06\x19\x5d\x16\xeb\xd6\x53\x36\xc7\x0a\x20\x51\x24\x77\
\xf1\x0d\x29\xee\xbe\xe4\x20\xad\xad\x0c\x4e\x93\x4c\x21\xc3\xbd\
\x56\xaa\xef\x27\xe2\xd6\x9e\x8c\xae\x38\x2a\xfc\x42\x05\x98\x1c\
\x0b\x05\x6c\x5c\x1b\xba\xe6\x34\x23\xef\x59\xf8\x31\x33\x85\x0c\
\xd7\x69\xb1\xbe\x5f\x08\x03\xc8\x4c\x1e\x84\x8c\xe6\xee\xb2\xe3\
\xac\x9d\x32\x01\x28\x07\x01\xc2\x6f\xcb\xb2\x26\xef\xca\x1e\xcb\
\x34\xf2\x4a\x94\x78\xb3\x11\x63\xc8\x30\x43\xe2\xea\x77\xa1\x87\
\xcc\xa3\xc6\x58\x48\x65\x49\xf5\x30\x5d\x3e\xd9\x17\x22\x40\xf5\
\x44\xa6\xa0\xfe\x91\xa7\x16\xfc\xef\xcf\x61\x8c\x53\x86\xa2\xac\
\x8a\x4f\xd6\x7d\xa2\x82\x2c\x60\x35\x5e\x2e\x8c\xfa\x9d\x83\xf5\
\x9c\x82\x0c\x2c\xd1\x94\xb5\xc4\x97\x1c\x5c\x24\x80\xf5\x97\x7c\
\x86\x46\x7d\x1f\x92\x6c\x62\x5c\x82\x07\x32\x2a\x3a\x72\x60\xa4\
\x82\x6c\xd8\xaa\x5f\xf1\x20\xeb\xb4\x9c\x5b\x77\x97\x90\xfb\x82\
\xea\x61\xfa\x8a\x7f\x9c\x2b\xc0\x85\xd4\x79\x79\x79\xeb\xc9\x09\
\x6b\x5d\x09\x4e\xb6\x3b\x2e\x3a\x29\x28\x4f\x05\xd9\xe0\x88\xe3\
\x58\xa9\xa3\xea\x77\xfc\x8c\x5b\x5e\x18\xe0\x86\x42\xf5\x30\x43\
\x56\xfe\x36\xa3\xc6\x9b\x28\x7c\x43\x8c\xb0\x6d\x70\xa9\x4e\x00\
\xca\x3f\xf6\x09\xca\x2d\xe2\x4a\x18\x22\x09\xd9\xc0\xf0\x63\x58\
\x49\xf0\xea\xbe\xf5\x59\x26\xa7\x9c\x16\xed\x1d\x76\x50\x16\x8f\
\x54\x50\x7c\xda\xe4\x9a\x0c\x58\x6d\xbf\xd0\x1b\x03\xe4\xc7\x67\
\xbb\x02\x98\x44\x43\x74\x81\xf4\x5b\xae\xc6\xba\xb2\x95\xce\xb3\
\x5e\xc7\x65\x59\xdc\x83\x4c\xef\x3c\x93\xcf\xd4\x3d\x59\x63\x6a\
\x2a\x60\x28\xea\xe7\xdc\x84\x2d\x9a\x89\x2e\x01\x06\x25\x75\x18\
\x64\x67\xa4\x82\xac\xaf\xe8\x07\x1d\xd6\x4c\xd6\x61\x59\x36\xa7\
\x7c\xfc\x1f\x06\xf7\x12\x4e\x83\x7b\xe7\x1d\xbd\x16\x50\x13\x01\
\x6b\x88\x4a\x48\xcc\x3d\x78\x79\x84\x4b\x7b\x30\x94\x7a\x80\x69\
\xf5\x60\x2a\xc8\x7a\x8b\xf0\xb2\x5f\xd7\x6d\xf7\x69\x2e\xa7\xa2\
\x95\xec\x6e\x27\x2a\xb3\xd3\x04\xc3\xa1\xe9\xa6\x01\x90\x25\xa6\
\xe6\x9d\x20\x4b\x5c\x2c\xe2\x4a\x74\x70\x25\x55\x01\x15\x64\xb8\
\x79\xfc\xeb\xbe\xb9\xf8\x2c\xe7\x20\xa3\xca\x85\x01\x1a\xb7\x41\
\x35\x09\xac\xdb\xd5\x1f\xb0\xe0\x8a\x57\x27\x6c\x8c\x77\xb9\xbc\
\xa1\x8e\x68\xeb\x6a\x79\x43\x2a\xc8\x70\x2b\x92\xd4\x69\xb3\x38\
\x8f\x53\x11\xe4\xf6\xe5\x32\x93\xba\x40\x6a\x4d\x00\xed\xe9\xce\
\x21\xa6\x4e\x73\xf6\x86\xb9\x0c\x58\x15\x73\xfe\x53\x41\x86\x5b\
\x5b\xa9\x4e\x9b\x45\xe7\x39\x97\x0b\x63\xe9\xc9\xbb\xcf\x33\x1d\
\xd4\x85\xc7\x6e\x0d\x9d\xf1\xdd\x85\x51\xef\x6e\xd5\x8d\x47\x39\
\x1b\xde\x03\x13\x47\x3f\xc9\xd1\x39\x3d\x97\x1f\xf9\xb7\xdf\xbf\
\xbf\x5b\xd6\x69\xfe\x5e\x51\xbb\x0f\x77\x2a\xda\x4e\xfb\x72\x45\
\xeb\x49\x5f\xc4\xc0\xcc\xd0\x72\x4c\xfc\x16\x1c\x35\xec\xa3\x50\
\xb9\xf5\x04\xd9\x55\x74\xb3\xbf\xfc\xa7\xd9\x2e\x03\x66\x2f\xd0\
\xca\xde\xea\x41\x42\xe6\x37\xff\x9b\x6c\x2c\xc8\x5e\x5f\x98\xcf\
\xb9\xac\x3e\x74\x15\xdf\xbc\x2d\x77\x3a\x4e\xa2\x13\x64\xfe\xf8\
\x8d\xaa\x77\x5d\xaa\x6b\x8e\xea\x30\x21\x23\x6b\x0b\xb6\xb7\x28\
\x24\x64\x9d\xe7\xec\xce\xc5\x82\xec\xb5\x85\x0c\x52\x47\x95\x79\
\x16\x32\xd8\xb0\x3a\xaa\x24\x5b\xdd\x21\xab\xd7\x53\x9a\x35\xfd\
\xeb\x0b\x41\x2e\x01\x06\xa9\x3c\x59\xa8\xb0\x46\x05\x59\xa7\xd9\
\x78\x45\x55\x6b\xb7\x9e\x77\x85\x93\xe9\x3c\xa1\xc8\x66\x4d\x82\
\xac\x51\x3f\xe5\x69\x57\x2e\xb9\xc9\xa4\xc4\x6c\x95\x55\xa6\x82\
\xac\xfd\xcc\x1d\x67\xb1\x20\x7b\xe5\x93\x42\x4e\x42\xf6\xc8\xb7\
\xac\x55\x4d\x80\xcc\xd5\x4b\x6e\x77\x14\x5f\xa5\x82\xac\x2d\x2a\
\x3c\x86\x95\xc7\xff\x95\x4f\xae\x73\x36\xc5\x3a\x19\x51\x2e\xd5\
\x11\x7d\xab\x29\x64\x0f\xe0\xb3\x5c\xfd\x7e\x7b\xa1\x88\x27\xe2\
\x26\xdd\x09\x59\x9b\xf7\xb7\x9e\xc7\x82\xec\xa5\xb9\x37\x39\x0d\
\x19\x79\x10\x40\xc1\x10\x6f\x4a\x75\xb6\xbe\xd5\x05\x32\xf0\xc3\
\x6f\x37\x63\x7b\x84\xab\xdf\x2d\xd5\x12\x3d\x60\x3c\x3c\x61\x9b\
\x24\x21\x7b\x7d\xca\xa6\x7c\x2c\xc8\x5a\xce\xb9\xc3\xd9\x8a\x24\
\x0e\x81\x3b\x40\xd4\x89\x41\x39\xcc\xc0\x4d\x1b\x62\x07\x1d\x55\
\x9c\xa5\x2a\xe0\xd5\x6c\x64\xcc\x37\x4d\x87\xac\xf9\x81\x94\xcf\
\xf0\xe8\x6f\xe1\xbf\xb7\x1c\x1d\xb7\xed\xd5\x77\x37\xc5\xb7\x9b\
\xb5\x4b\xd1\xe3\xb3\x23\x0b\xc1\x8d\x19\xcc\x23\x0e\x23\xa6\x82\
\xd6\x6d\xc7\xf3\xc3\x17\x95\x30\xf1\xc3\x77\xe4\x49\xb1\x95\xc2\
\x93\xc2\x5d\x90\xb5\x7e\x37\xa1\x00\xab\x80\x57\x8b\x8f\xef\x73\
\xba\xb6\x12\x23\xf0\xd4\x44\x03\x30\x42\x52\x55\x8e\x6b\x31\x6a\
\xed\xee\x2a\x0c\x50\x05\x5c\x61\x21\xbb\x58\x7a\xd3\x61\x51\x87\
\xe0\x4a\xcb\x1e\x31\xf5\x6e\xc2\xfa\xaa\xdb\xc0\x42\x6f\xb9\xea\
\x45\x61\x5f\x4e\x54\x44\x67\x57\x12\x0d\xb3\x09\x59\xab\xf1\xeb\
\x2f\x61\x41\xd6\x7c\x56\x19\xe7\xab\xc4\x31\x6d\x8e\xf2\x39\x3c\
\x5e\xe2\x02\x3f\xdf\x8b\x5b\xef\x12\x2e\xe7\xe1\xb3\xda\x4e\xdf\
\x11\x59\x25\x1b\x98\xbf\xb8\x00\x6e\x2a\x5c\x36\xb2\xba\xb9\xa0\
\x2a\x1d\x64\x68\xa6\x2f\xc4\x1a\x3b\x9f\x8f\x4c\xbc\xa9\x77\x49\
\x7b\xb1\x4e\x51\xb9\xb7\xd9\x88\xd8\x7d\xb8\x90\x91\x81\x1a\x55\
\x89\x33\xa8\x8a\x0d\xcc\x53\xa5\xa1\xe9\x20\x6b\x0a\xe9\xec\x71\
\xc6\xee\xc5\x99\xf4\x45\x55\x53\x79\x02\x19\x14\x5b\x75\xd6\x09\
\x9f\xe1\x9f\xef\xc7\x85\x0c\xae\xad\xec\x69\xde\x83\xff\x6f\x9e\
\xdb\x6d\x60\x1e\x76\x49\xa6\x82\xac\xf1\x80\x15\x77\x70\xc6\xad\
\xd6\x0b\x33\x1f\xd0\x43\xc6\x93\x1a\xe4\x72\x0d\xd1\xdd\x29\x64\
\x01\xd1\xdf\x63\x97\x87\x56\xfe\xfc\x11\x7c\x56\x60\x4c\xd2\xfb\
\xee\xb4\x81\xd9\x3d\x83\xb5\x84\x8f\xb7\x3d\x5f\x48\xc8\x1a\xf4\
\x52\x94\x56\x79\xdc\x7c\x83\xcb\x11\x64\x04\x03\x1f\xff\x66\xfc\
\x80\x4c\x4b\xf4\x71\xd6\x09\x34\xe5\x1f\xc6\x85\xac\xb7\xe8\x47\
\x7b\x72\xb9\xe9\xdf\xe6\x05\xb9\xcb\x06\x06\x66\x1a\xb6\xac\xf8\
\x6c\x41\xf6\x6c\x77\xb1\xa5\xea\xa5\xa1\x43\xcc\x4c\x20\xf3\xf4\
\x8f\xaa\x6a\x27\x4c\xe4\x01\x4a\xd5\x89\xa6\x43\xd7\x1c\xc1\x85\
\x0c\xcc\x20\xf6\x93\x10\x9a\x99\x6a\x77\x11\xdd\xa6\xa8\x5b\x69\
\x6d\x37\xf3\xab\x70\x97\x6d\x70\xc8\xc8\xaa\x3c\x79\xe3\x39\x6f\
\x8c\x1f\x15\x64\x4f\xf9\x86\x3c\xa8\x32\x64\x7e\xa2\x32\x66\x90\
\x95\xf0\x00\x32\x1a\xcf\x0d\xb0\x89\xe1\x42\xd6\x71\xd6\x1e\xe9\
\x63\xbb\xdb\xfc\x7d\xcb\x11\x50\x15\xac\xd9\xc0\x50\xb8\xda\x06\
\x96\xeb\x8a\xb3\x01\x19\xca\x6f\x76\x19\xb3\xfe\x78\x31\xa3\xe5\
\x12\xd5\x37\xe5\x3e\x64\x34\xe5\x0b\x9b\x0e\x8d\xfa\x0f\x2e\x64\
\x6d\xa7\x6d\x5f\xf1\xa4\x81\x17\xd9\xd1\xae\x56\x8e\x24\x1a\x1c\
\x79\x62\xa6\xeb\xd7\x44\x84\x2f\xd3\x1a\x48\x9e\x86\x4c\xae\x33\
\x17\xe0\xd5\x1f\x0f\xbd\xc3\x68\x26\x43\x0e\x11\x9c\x87\x0c\x65\
\x85\xa1\x2c\x32\x81\x8c\xa9\x07\x71\x21\x83\x8c\x42\xa8\xee\xf7\
\x40\xbb\x9e\xf0\xd2\x85\x28\x22\x97\xfd\xf0\xed\x36\x30\x73\x7b\
\xc2\xcd\x36\x30\x1c\xc8\xa4\x3a\xd3\x39\xcc\xfa\xe3\x37\x19\xcd\
\x64\x2c\x94\xb8\x76\xff\x4c\x96\x7c\x9f\x32\x51\x8b\x4f\x40\xcc\
\x77\xb8\x90\xb5\x9a\xb0\x21\x21\x54\x6d\x0e\x92\x68\xcd\x23\xd9\
\xb8\x03\xf5\x94\x0d\x0c\x0b\x32\x8d\x29\x17\xb3\xfe\xf8\x9f\x4c\
\x20\xf3\xc6\x61\xa7\x2a\x57\x4b\x94\x35\xcb\xe1\xce\x12\x17\x32\
\x38\x2d\x4a\xd3\x4b\xde\x93\x68\x8c\x53\x70\xe0\x02\x13\x85\xd7\
\xbd\x0e\x18\x42\x26\x4e\x2f\xcd\xc6\xac\x3f\x5e\xc8\x68\x26\xd3\
\x11\xcf\x73\x1e\x32\xb0\x18\x53\x75\xa2\x45\x60\xec\x1e\x5c\xc8\
\xd0\xbe\xee\x70\x58\x5a\xf1\x1c\x89\xbe\x6c\x76\x95\x01\x43\x26\
\x0a\x98\x75\xb9\x36\x7e\xce\x20\x0b\x4d\x2d\xce\xc0\x84\xec\x0a\
\x13\xc8\x60\xbb\xc3\x79\xc8\xe8\x32\x34\xb6\x18\x15\xf7\x15\x2e\
\x64\x8d\xde\x89\x3c\x25\xd5\x94\x2e\x95\xa8\x4b\x97\x54\x09\x32\
\x2f\x9a\x28\xaa\x0a\x59\x70\xd2\x3d\x3d\x66\x41\xd5\x4b\x8c\x66\
\x32\x16\x1d\x30\xdd\xb7\x5c\xd2\x78\xd1\xa2\x28\xa3\xed\xb8\x90\
\x35\xe8\x25\xcf\x90\xa8\x4b\xe4\x32\x4d\x99\xd4\xa5\xd3\xa3\x8e\
\xe8\x09\xcf\xe7\xed\x13\x64\x55\x20\x5b\x76\xfa\x96\x16\x13\xb2\
\x02\x26\x90\x2d\x4e\xbd\xcd\x7d\xc8\x20\xe7\x28\x25\x64\xe3\xe2\
\xb7\xe0\x42\x56\xc7\x5f\x7c\x55\xae\x2b\x8e\x96\xa9\x4b\xa3\x98\
\x2c\x8b\x70\x61\x1f\xf6\x07\x6c\x68\xbd\x7f\x7a\xac\x2a\x64\x4b\
\x4f\xde\x54\xe1\x55\xed\x15\x5f\x60\x02\x99\x28\x91\x68\xc4\x79\
\xc8\xa0\xa2\x05\x55\x27\xc0\x21\x11\x17\xb2\xa7\xbb\x88\x8c\x72\
\x4d\x49\x9c\x44\x75\x6f\x8b\x83\xd9\xaa\x9f\x5c\x6b\xf5\x83\xca\
\x1e\x61\x7f\xdc\x6b\xc2\x05\xb3\x04\x1b\x90\x2d\xfe\xa5\x08\xb7\
\xfe\xf8\x39\x46\xcb\x25\xb2\x73\x72\x7f\x90\xd2\xa9\x21\x7b\x63\
\xea\xd6\x35\xb8\x90\x81\x42\x93\x6f\x25\xc8\x35\xf7\x0e\x53\x14\
\x97\xef\x03\x41\x1e\x20\x14\x0f\xf9\x36\xa4\xce\xb4\x0b\x59\xf4\
\xc1\xb3\x15\x24\xd1\x59\xbb\xca\xd5\x16\x5f\x52\x50\x64\x9e\x14\
\x14\x37\x95\xa5\x9a\xdb\x82\xc0\xf3\x17\x02\x76\x3d\x21\xf8\x81\
\x38\x82\x6c\xc1\xd1\x2b\x98\xb5\x2e\xc5\x67\x99\x40\x06\x15\x9b\
\x79\xbf\x27\x6b\xf7\xe1\x2e\x05\x1b\x90\x2d\xfa\xf9\xf2\x4e\x85\
\xe6\x7e\x32\x97\x83\x8f\xd9\x12\x40\x36\xf7\xc7\x8b\x58\x39\xfc\
\x51\xd5\xde\x5c\x66\xd7\x4a\x44\x03\xee\x9f\x2e\x53\xa9\x21\xeb\
\xb2\x60\x7f\x08\x1b\x90\xcd\xf9\xcf\xd9\xfd\x72\xcd\xdd\x0b\xe2\
\x74\xdb\xc0\x9a\x00\xd9\xac\x83\x17\xf0\x20\xeb\x2e\xcd\x61\x02\
\xd9\xba\x64\xa2\x3e\x0f\x20\x33\x52\x42\xd6\x7d\xe9\xa1\xc5\x6c\
\x40\x36\x63\x8f\xfe\x47\x04\xd9\x25\xb1\xde\x38\xb1\x26\x40\x36\
\x7d\x5f\x2e\x5e\xc9\x9b\x1e\xe2\x2c\x46\x33\x59\x01\xfb\x11\x58\
\xec\xef\xc9\x68\x4a\x18\x42\x12\x16\x36\x20\x9b\xfc\x65\xda\x6f\
\x00\x99\x4c\x55\xb2\xb0\x26\x40\x36\x75\x77\x06\x6e\x41\xd5\x4c\
\x46\x90\x9d\xe4\x01\x64\x74\xc6\xd8\xe1\xd1\xa7\xa7\xb1\x01\x59\
\xc0\x8a\x63\x69\x00\x99\x5c\x7d\x7f\x45\x4d\x80\x6c\xf2\x76\x7d\
\x0a\x26\x64\x19\x8c\xec\x64\x5e\x74\x73\x72\x65\xe3\x4f\x59\x2e\
\x67\xe2\x66\xfd\x04\x36\x20\x7b\xb6\x5b\x98\x55\x94\x74\x43\x67\
\x07\x0d\x66\x34\xcd\xbd\x3c\xb9\xfa\x5e\x0e\x29\x99\xfa\xae\x16\
\xfd\x37\x15\x29\xa9\xe6\xee\x69\xf4\xe7\x29\x10\x3a\x95\x9e\x40\
\x70\x1e\x7d\x2c\x6d\xf1\x0f\x72\xdd\xbd\x03\xa4\x64\xda\x92\x6f\
\xa4\x9a\xe2\xaf\x2a\x69\xab\x4c\x73\x3f\xc1\x5b\x92\xeb\x4a\xbe\
\x0b\x58\xf5\x33\x1e\x64\xa8\xfe\x38\x43\x13\x46\x1d\x3e\xf8\x93\
\xbd\x40\x97\xc7\x8c\x0d\xc8\xec\x77\x98\x43\x56\xdd\x08\x4b\xb9\
\x95\x41\x82\x56\x5d\x05\x7d\xfc\x57\x7f\xbc\x20\x12\x28\x0d\xcd\
\x04\xb2\x4f\xdc\x14\xb4\xec\x51\x7f\x32\xd0\xd3\xbe\x22\x13\x5b\
\xa0\x3d\x74\xc8\x13\x95\x37\xe8\x23\x2f\x01\x35\x19\xb4\xf2\xd6\
\x8b\x01\x51\xd7\x7d\x46\x44\x17\xb5\x9e\xb8\xbe\x00\xd4\xe6\x83\
\xcd\x79\x6f\x7d\xb4\x23\x17\xd4\x73\xf1\x7e\x3d\xa8\x4f\xf0\x21\
\xed\x20\xd9\x7f\x55\x8e\x34\x34\xf2\xa7\xf4\x51\x31\x27\x52\xab\
\x22\xf8\xb7\xce\x3e\x17\xbe\x93\xfc\x7e\xf2\x79\xe0\xd9\xc8\xe7\
\x84\x67\x86\x67\x87\x3e\x90\xfd\x81\xbe\xb1\x31\x46\xa8\xa0\xaa\
\x9e\xe1\x9e\xac\x36\xe7\x21\x03\x63\x1e\x1d\x64\x75\xfc\x51\x42\
\x63\x16\x21\x13\xc4\xac\x6a\x2f\x13\xc8\xe8\xea\x0c\x70\xa2\x81\
\x7f\x3c\x1d\x64\x28\xc0\xf6\xac\xf0\xe2\x3d\x0d\x59\x28\x23\xc8\
\x98\xd4\x1a\xf0\xfe\x9e\x0c\x4d\xb7\x74\x90\x35\xec\x13\xae\x12\
\x5e\xbc\x87\x21\xeb\xca\x0c\x32\xde\xdc\xf5\x52\x95\xcb\x01\x35\
\x1e\xb8\xf2\x17\xe1\xc5\x7b\x7e\xb9\x6c\xdc\x7e\xc9\xed\x09\x6b\
\x4f\x27\x50\xbd\x9b\x5a\x7c\x81\x4c\xa2\xb6\xfa\xd3\x04\x93\x1c\
\x12\x5e\xbc\x67\x05\x9e\x2b\x1f\xec\x50\x9d\x92\xeb\x4a\x73\xe4\
\xce\xae\xe2\x50\x5a\x52\xde\xb8\xab\x88\xf5\x44\x3b\xa7\xb7\xfc\
\x1a\xdb\x90\x77\x14\x47\xf7\x0b\x2f\xde\xb3\x6a\x32\x64\xd5\x4d\
\x64\x0f\x3c\xab\xd0\x97\x9c\x43\x59\x97\x1c\xe7\x03\x49\xb5\xbc\
\xc5\x1b\xc8\x20\xf5\xa7\xf3\x2a\x1d\xc6\x10\x85\xae\xf8\xdc\xab\
\x13\x36\x5c\x14\x5e\xbe\xe7\x34\xe7\xd0\xd9\x24\xe4\xe8\x99\xaf\
\xd0\x1b\xf7\xf3\x3e\xd9\x0a\xb4\xc5\x14\x27\x4c\x94\x0e\x34\x50\
\xa1\x2f\x55\x87\xa6\xde\xd1\x35\xec\x2d\x2f\x16\x00\x70\xbf\x7c\
\xe7\xee\xce\x42\x33\xd8\x05\x18\x77\x89\xce\x1c\xe4\x2c\x72\x8b\
\x17\x86\xd8\xbf\xcd\x66\xc8\x21\xd0\xa9\x4b\xb4\xc6\x34\x4d\x6e\
\x28\xcd\x5a\x72\xa2\x28\xb5\x6e\x0f\xa9\x51\x00\xc1\x7d\x6a\x16\
\x18\x53\x88\xae\xc5\xb2\xe5\xfa\x92\x2c\xa9\xc1\x32\xd5\xe9\x0a\
\x83\x5c\xd4\x6b\xf1\xad\x51\x2d\x99\xf6\x4e\x69\xcb\x16\xa0\x5f\
\x57\xde\xd2\x13\x45\x69\x8d\xfa\x2b\xef\x0a\x40\xb0\x2f\x9f\x11\
\x51\x45\x92\xb4\xbb\x06\x85\xae\x24\x4f\xa6\x37\xcf\xa3\xb6\xf4\
\xdf\x78\x8e\x77\x90\xd9\xb3\xfb\xa0\xd0\x33\x4a\xd0\x34\x65\x0b\
\xe1\x17\x26\x4e\xbb\x63\x68\x37\x63\xdb\x19\x01\x0c\xf6\xd4\xe1\
\xa3\xed\x67\xa4\xea\xfb\xd9\xe8\x72\x3d\x4b\xae\x35\xcf\xa7\x2b\
\xf8\x5a\x8b\xaf\x0d\x2a\x8e\xd1\x26\xfa\xd5\x5a\xde\x97\xeb\xcb\
\x52\x61\xcf\x30\xfb\xfb\xdc\xa4\x17\x03\xd6\x5c\x17\x20\xa9\xba\
\x60\x9f\xfb\xde\x0e\x15\xda\xe4\x97\x9c\x97\xe9\x4b\x52\xe4\x7a\
\x9a\x28\x7b\x9d\xad\x1f\x2f\x5c\xae\x29\x97\x4d\x8a\xea\xbf\x95\
\x0f\x03\x72\x5d\xd9\x36\x18\x18\xd0\x92\x5f\xae\x26\xf7\x97\x1c\
\x49\x43\xfb\xb5\x32\x01\x1c\x66\xaa\xdf\x4b\x6a\x1c\x1b\xff\x7b\
\xba\x54\x5b\x9c\x6b\x07\x4c\x57\xf2\xa5\x42\x6f\xa6\xad\x30\x2c\
\x4d\x37\xbe\x52\x8b\xef\x0d\xdc\x79\x99\x16\x97\x40\x35\xcf\x67\
\x20\x5b\xce\x31\x38\x6a\x57\x16\x0c\x9c\x4c\x53\x9c\x03\x92\xaa\
\xef\x65\xa0\x93\xa9\xfe\x91\x74\xc1\xa7\xae\xab\x48\x2d\xf9\xed\
\x6a\xea\xa2\x5f\x2e\xa7\x80\x16\x1e\xbb\x98\x3c\xf7\xc8\xb9\x24\
\x52\x33\xf6\x66\xd0\xea\xbd\x6d\xaa\xa4\x09\x5b\xd2\x92\xd9\x10\
\x7c\x16\x93\xef\xac\xfc\x8c\xf0\xcc\xe4\xf3\x43\x5f\x2a\xf7\x0d\
\xfa\x4a\xf6\x1b\xc6\xe0\xf1\x78\xd8\xa1\xaa\x34\x5e\x86\xb2\xa3\
\x52\x8d\x65\x1a\xa3\x74\xf1\x1a\x4b\x97\x5a\x3c\x0b\x19\x74\x0e\
\x1a\x4a\xe2\x01\xd3\x32\xe3\x48\x6f\x34\xc5\x4b\xb5\x65\x1b\xc3\
\xf5\xa5\x99\x4f\x02\x27\xe8\x9f\x42\xa6\x89\x6c\x85\xae\x74\x27\
\x53\xb8\x1e\xed\xc3\xfc\x79\xe1\xd6\xe3\xaa\x33\x23\xdd\x9d\x26\
\x45\x6a\xa7\xe1\xb0\xa4\x82\xc4\x2a\xf3\x58\x19\x0a\x1e\x01\x85\
\xa9\x8d\x93\x61\xf6\x23\x85\x0e\x12\xf3\x60\x93\x0b\x92\x6a\x4b\
\x3e\x95\xeb\xcd\x9f\x81\xc0\x00\x8c\x92\xb3\xc8\xa9\x24\xd5\x97\
\x29\x14\x5a\x63\x14\x5b\x82\xcf\xa3\xfb\x4e\x78\x2e\xf2\x19\xed\
\xcf\xfb\xe8\xd9\xa1\x1f\x95\xfb\x05\xfd\x24\xfb\x0c\xfd\x27\xc7\
\x02\xc6\xa5\x4a\xc9\x66\x50\xf5\x18\x5e\x78\xc0\x56\x11\xb4\xe7\
\x20\xc0\xb6\x26\xc4\x4a\x72\x55\x72\x3d\xd1\xa9\xda\xcd\x60\x4f\
\x36\xb0\x2a\x8b\xd5\x96\x0e\xc2\x0b\xf7\xac\xa0\xc2\x5f\xb5\xd8\
\xe4\xbb\x14\xd5\x74\x86\x68\x14\xea\x20\x24\x5f\x10\xfb\x82\x72\
\x3d\xbc\x88\x42\x72\xe7\x12\x0a\xf9\x26\xb8\x52\xde\xb0\xda\x2c\
\x8b\x6a\xa2\x17\xa4\x29\x65\xbb\x1e\x27\xef\x1b\x54\x5f\x83\xe5\
\x14\x02\x4c\x61\x70\x00\x40\x38\x99\xc2\xa1\x01\xd2\x84\x42\x99\
\x3c\x11\x32\xf0\x42\xbe\x8d\xb0\x14\xd3\x6b\x90\xb9\xc7\x9e\x14\
\x05\xdd\xbb\x41\x92\x14\x7b\xe2\x14\x34\x3b\xda\x13\xaa\xa4\x3f\
\x4c\xb0\x62\x4f\xb6\xf2\x28\xf1\x0a\xf8\x4b\x55\x5b\xb0\xd0\xe9\
\x1d\x4c\x12\x90\x15\x68\xe9\xc9\xbb\xcf\x57\x1b\xd3\x04\xaf\x67\
\x50\x74\xed\x05\x1b\x60\xbb\xd0\x49\x0b\xc0\xfe\x1b\xdc\x48\x10\
\x79\x65\x87\x1c\x4c\x30\x28\xf5\x38\x80\xee\x16\xa1\x8c\xd3\xe4\
\xf7\x80\x60\x2b\x41\x3e\x83\x5d\x8f\x9e\x0d\x04\x31\x14\x8f\x9f\
\x1b\xc4\x07\x9f\x7c\xa1\x09\x4d\x68\x42\x13\x9a\xd0\x84\x26\x34\
\xa1\x09\x4d\x68\x42\x13\x9a\xd0\x5c\x6e\xff\x0f\x59\x38\x4e\x15\
\xbe\xd1\x4f\xdf\x00\x00\x00\x00\x49\x45\x4e\x44\xae\x42\x60\x82\
\
\x00\x00\x0b\xf6\
\x89\
\x50\x4e\x47\x0d\x0a\x1a\x0a\x00\x00\x00\x0d\x49\x48\x44\x52\x00\
\x00\x00\x99\x00\x00\x00\x99\x08\x03\x00\x00\x00\x0b\x82\x68\x88\
\x00\x00\x02\xd9\x50\x4c\x54\x45\x00\x00\x00\xff\x00\x00\xff\x00\
\x00\xff\x00\x00\xff\x40\x40\xff\x33\x33\xff\x2b\x2b\xff\x24\x24\
\xff\x20\x20\xff\x1c\x1c\xff\x1a\x1a\xff\x17\x17\xff\x2e\x17\xff\
\x2b\x2b\xff\x27\x27\xff\x24\x24\xff\x22\x22\xff\x20\x20\xff\x1e\
\x1e\xff\x1c\x1c\xff\x2b\x1c\xff\x2b\x2b\xff\x28\x28\xff\x26\x26\
\xff\x24\x24\xff\x23\x23\xff\x21\x21\xff\x20\x20\xff\x1f\x1f\xff\
\x27\x1d\xff\x26\x26\xff\x24\x24\xff\x23\x23\xff\x22\x22\xff\x21\
\x21\xff\x20\x20\xff\x27\x1f\xff\x27\x27\xff\x26\x26\xff\x24\x24\
\xff\x23\x23\xff\x22\x22\xff\x22\x22\xff\x21\x21\xff\x20\x20\xff\
\x26\x20\xff\x25\x1f\xff\x25\x25\xff\x24\x24\xff\x24\x24\xff\x23\
\x23\xff\x22\x22\xff\x21\x21\xff\x21\x21\xff\x25\x25\xff\x24\x24\
\xff\x29\x29\xff\x28\x28\xff\x27\x27\xff\x2b\x2b\xff\x2b\x2b\xff\
\x2e\x2e\xff\x2e\x2e\xff\x31\x31\xff\x30\x30\xff\x30\x30\xff\x33\
\x33\xff\x32\x32\xff\x31\x31\xff\x35\x35\xff\x35\x35\xff\x30\x30\
\xff\x33\x33\xff\x32\x32\xff\x35\x35\xff\x35\x35\xff\x34\x34\xff\
\x37\x37\xff\x36\x36\xff\x39\x39\xff\x38\x38\xff\x37\x37\xff\x3a\
\x3a\xff\x39\x39\xff\x3c\x3c\xff\x3b\x3b\xff\x3a\x3a\xff\x3d\x3d\
\xff\x3b\x3b\xff\x3d\x3d\xff\x3d\x3d\xff\x3c\x3c\xff\x3f\x3f\xff\
\x3e\x3e\xff\x40\x40\xff\x3f\x3f\xff\x41\x41\xff\x40\x40\xff\x40\
\x40\xff\x42\x42\xff\x41\x41\xff\x43\x43\xff\x42\x42\xff\x42\x42\
\xff\x41\x41\xff\x44\x44\xff\x40\x40\xff\x42\x42\xff\x41\x41\xff\
\x43\x43\xff\x42\x42\xff\x44\x44\xff\x43\x43\xff\x45\x45\xff\x44\
\x44\xff\x44\x44\xff\x45\x45\xff\x44\x44\xff\x47\x47\xff\x46\x46\
\xff\x45\x45\xff\x47\x47\xff\x46\x46\xff\x48\x48\xff\x47\x47\xff\
\x47\x47\xff\x48\x48\xff\x48\x48\xff\x49\x49\xff\x49\x49\xff\x48\
\x48\xff\x49\x49\xff\x49\x49\xff\x4a\x4a\xff\x4a\x4a\xff\x49\x49\
\xff\x4b\x4b\xff\x4a\x4a\xff\x4b\x4b\xff\x4b\x4b\xff\x4a\x4a\xff\
\x4a\x4a\xff\x49\x49\xff\x4b\x4b\xff\x4a\x4a\xff\x4b\x4b\xff\x4b\
\x4b\xff\x4a\x4a\xff\x4c\x4c\xff\x4c\x4c\xff\x4b\x4b\xff\x4d\x4d\
\xff\x4d\x4d\xff\x4c\x4c\xff\x4b\x4b\xff\x4d\x4d\xff\x4e\x4e\xff\
\x4d\x4d\xff\x4d\x4d\xff\x4e\x4e\xff\x4f\x4f\xff\x4e\x4e\xff\x4f\
\x4f\xff\x4d\x4d\xff\x4e\x4e\xff\x4e\x4e\xff\x4f\x4f\xff\x4e\x4e\
\xff\x4f\x4f\xff\x4f\x4f\xff\x4e\x4e\xff\x4f\x4f\xff\x4f\x4f\xff\
\x4f\x4f\xff\x4f\x4f\xff\x50\x50\xff\x50\x50\xff\x50\x50\xff\x51\
\x51\xff\x51\x51\xff\x50\x50\xff\x51\x51\xff\x51\x51\xff\x51\x51\
\xff\x51\x51\xff\x52\x52\xff\x51\x51\xff\x52\x52\xff\x52\x52\xff\
\x51\x51\xff\x52\x52\xff\x50\x50\xff\x51\x51\xff\x50\x50\xff\x51\
\x51\xff\x52\x52\xff\x51\x51\xff\x51\x51\xff\x51\x51\xff\x52\x52\
\xff\x51\x51\xff\x53\x53\xff\x52\x52\xff\x52\x52\xff\x53\x53\xff\
\x52\x52\xff\x52\x52\xff\x53\x53\xff\x52\x52\xff\x52\x52\xff\x53\
\x53\xff\x52\x52\xff\x53\x53\xff\x53\x53\xff\x52\x52\xff\x53\x53\
\xff\x53\x53\xff\x53\x53\xff\x53\x53\xff\x54\x54\xff\x53\x53\xff\
\x54\x54\xff\x53\x53\xff\x52\x52\xff\x53\x53\xff\x53\x53\xff\x53\
\x53\xff\x53\x53\xff\x53\x53\xff\x53\x53\xff\x54\x54\xff\x53\x53\
\xff\x53\x53\xff\x54\x54\xff\x53\x53\xff\x54\x54\xff\x54\x54\xff\
\x53\x53\xff\x54\x54\xff\x54\x54\xff\x54\x54\xff\x54\x54\xff\xff\
\xff\x0e\x3b\x2b\xa6\x00\x00\x00\xf1\x74\x52\x4e\x53\x00\x01\x02\
\x03\x04\x05\x06\x07\x08\x09\x0a\x0b\x0b\x0c\x0d\x0e\x0f\x10\x11\
\x12\x12\x12\x13\x14\x15\x16\x17\x18\x19\x1a\x1b\x1c\x1d\x1e\x1f\
\x20\x21\x21\x22\x23\x24\x25\x26\x27\x28\x28\x29\x29\x2a\x2b\x2c\
\x2d\x2e\x2f\x30\x31\x32\x33\x34\x35\x36\x37\x38\x39\x3a\x3b\x3c\
\x3d\x3e\x3e\x3f\x40\x41\x42\x43\x44\x45\x46\x47\x48\x49\x4a\x4b\
\x4c\x4d\x4e\x4f\x50\x52\x53\x54\x55\x55\x56\x58\x59\x5a\x5b\x5c\
\x5d\x5e\x5f\x60\x61\x62\x62\x63\x64\x66\x67\x68\x69\x6b\x6b\x6c\
\x6d\x6f\x70\x70\x71\x72\x73\x74\x75\x76\x77\x78\x79\x7a\x7b\x7c\
\x7d\x7e\x7f\x80\x81\x82\x83\x84\x85\x87\x89\x8b\x8c\x8d\x8e\x8f\
\x90\x90\x91\x92\x95\x96\x97\x98\x9b\x9d\x9e\x9f\xa0\xa2\xa6\xa7\
\xa9\xaa\xab\xac\xae\xaf\xb2\xb3\xb4\xb5\xb7\xb8\xb9\xba\xbc\xbd\
\xbe\xbf\xc0\xc1\xc3\xc4\xc5\xc6\xc7\xc8\xc9\xca\xcb\xcc\xce\xcf\
\xd1\xd2\xd3\xd5\xd6\xd8\xd8\xd9\xda\xdb\xdc\xdd\xde\xdf\xe0\xe1\
\xe2\xe3\xe4\xe5\xe6\xe7\xe9\xea\xeb\xec\xed\xee\xef\xef\xf0\xf1\
\xf2\xf3\xf4\xf4\xf5\xf6\xf7\xf8\xf9\xfa\xfb\xfc\xfd\xfe\x34\x79\
\x9d\xa6\x00\x00\x00\x01\x62\x4b\x47\x44\xf2\xdb\xb6\x8e\x78\x00\
\x00\x07\xce\x49\x44\x41\x54\x18\x19\xed\xc1\xf9\x9f\x55\x65\x1d\
\x07\xf0\xef\xdd\xce\xdc\x3b\x70\x07\x66\xa2\x61\x90\x61\x1b\x68\
\xe0\xce\x9d\x73\xbd\xcb\x67\x06\x14\x48\x11\x18\x66\x58\x86\x6a\
\x28\x28\x35\x0c\x88\x44\xc5\x52\x49\xcb\x16\x45\x2c\xcb\x2c\x0a\
\x5b\x89\xca\x2c\x8c\xb0\x7d\xa1\xb4\x55\x8d\xc0\x94\x45\x16\xd9\
\x94\x10\x15\x64\x80\x66\xbe\xff\x41\x71\xce\x3d\xcf\x33\xcb\x5d\
\xce\x79\xce\xe1\x87\x5e\xaf\xf3\x7e\x93\xcf\xe7\xf3\xf9\x7c\x3e\
\x9f\xcf\xe7\xf3\xf9\x7c\xbe\xcb\x21\x50\x59\x57\x5b\x1d\xaf\x08\
\xd0\xe5\x12\xac\x18\x12\xbf\x24\xa6\x85\xc8\xbe\xc8\x88\x86\x0c\
\x0c\xb9\x64\xc3\xc8\x58\x80\xbc\x15\xad\x1d\x97\xc8\x42\xca\x36\
\x54\x07\xa9\xbc\x60\x55\x7d\x13\xfa\xcb\x8c\xaf\x0a\x90\x57\x2a\
\xea\x93\x18\x2c\x3d\x2a\x44\x65\x68\x3a\x0a\x49\x8d\x0c\x92\x17\
\x62\x0d\x28\x22\x5d\x4d\x25\x69\x3a\x8a\x48\x8f\x20\xd7\x02\xf5\
\x28\xa1\x21\x48\xc5\x69\x3a\x8a\x6b\xd4\xc8\x1d\xad\x09\x25\x25\
\x22\x54\x8c\xa6\xa3\x94\x74\x25\xb9\xa1\xe9\x28\x43\xd7\xa8\x30\
\x4d\x47\x69\xd9\x38\xa9\x0b\x35\x43\x9a\xf9\x95\x2d\x3f\xdc\xba\
\x79\xc3\x9a\xe9\xe8\x47\xd7\xa8\x10\x4d\x87\x34\xed\xbd\x1f\xdf\
\xb4\x65\xcb\x96\x4d\x6b\x3b\xd0\x47\xa6\x82\x94\x35\x40\x68\x5d\
\x7f\x8c\x4d\xe7\x76\x3c\x34\x03\x7d\xe8\x1a\x0d\xa6\xe9\x90\x96\
\x1e\x65\xcb\xce\x0d\xd3\x21\x24\x83\xa4\xa8\x1a\x42\xdb\x9f\xb9\
\x8f\x93\xdf\xbc\x16\x92\xae\xd1\x40\x9a\x0e\xe9\xa6\x53\xdc\xc7\
\x89\x3b\x21\x8c\x26\x45\x49\x58\x6e\x3a\xca\xfd\x1d\x5d\x0a\x49\
\xd7\xa8\x3f\x4d\x87\xb4\xf6\x2c\xf7\xf7\xc4\x34\xe4\xe5\x34\x52\
\x32\x1c\x96\xeb\x5f\xe7\x81\x4e\xaf\x82\x94\xd2\xa8\xaf\x8a\x14\
\xa4\xbb\xbb\x79\xa0\x5f\x4f\x45\xde\x18\x52\x32\x09\x79\x4b\x4e\
\xf2\x60\x6f\x7d\x0c\x92\xae\x91\x54\x99\x81\xf4\xa5\x1e\x1e\x6c\
\x1b\xf2\x32\x41\x52\x10\xcc\xc2\xd4\xfa\x1c\x17\xf2\x9f\xcf\x41\
\x4a\xc7\xc8\x32\x34\x03\xe9\x51\x2e\xe8\xb3\xc8\x1b\x46\x0a\xaa\
\x90\xf7\x08\x17\xd6\xbb\x09\x52\x66\x08\x99\xaa\xb2\x10\x5a\x1e\
\xe3\xc2\x4e\xb5\xc3\x34\x96\x14\x8c\x82\x69\xfa\x6b\x5c\xcc\xf7\
\x5b\x20\x64\x87\xd1\x25\xd5\x39\x08\x57\xfd\x82\x8b\xd9\x06\x53\
\x92\x14\x8c\x87\xe9\x3e\x2e\x6e\xfb\x34\x08\xb9\x1a\x22\xaa\xc9\
\x41\x98\xf9\x47\x2e\xea\x62\x27\x0c\xb9\x00\x39\x37\x19\xa6\xa7\
\xb9\x84\x1d\x33\x20\xd5\xd2\x48\x48\x73\xfe\xc1\x25\xfc\x00\xa6\
\x28\x39\x97\x84\xa1\xf5\x0c\x97\xf2\xec\x6c\x48\x8d\x90\x16\xed\
\xe5\x52\xde\x98\x0a\x43\x9c\x9c\x6b\x86\xa1\x8b\x4b\xdb\xb3\x10\
\x85\x74\x1d\xe1\xd2\xde\x05\xc3\x30\x72\xee\x4a\x18\xee\xe2\x32\
\x8e\x74\x61\xb0\xa5\x27\xb8\x8c\x5b\x61\xa8\x26\xe7\xae\x84\xe1\
\x5e\x2e\xe7\x95\xf7\x63\xa0\x1b\x4f\x72\x39\xb7\xc3\x50\x43\xce\
\x35\xc1\x70\x3f\x97\x75\xfa\x26\xf4\xb7\xfc\x14\x97\x75\x33\x0c\
\xc3\xc8\xb9\xc9\x30\x7c\x86\xcb\x7b\x7d\x25\xfa\x5a\x73\x86\xcb\
\x5b\x02\x43\x9c\x9c\x9b\x08\xc3\x6a\xb6\xe1\xad\xb5\x90\x6e\x39\
\xcb\xe5\xbd\xd9\x0a\x43\x8c\x9c\x1b\x0b\x43\x27\xdb\xd1\x7d\x07\
\x2c\xeb\xce\xb3\x0d\x4f\xc1\x14\x22\xe7\x6a\x61\x98\x7a\x9c\xed\
\xb8\xf0\x49\x98\x3e\x7d\x91\xed\xb8\x1f\x86\x0c\x29\x88\xc3\xb4\
\xe2\x3c\xdb\xd1\xb3\x1e\x97\x6c\xe8\x61\x3b\x8e\xbe\x13\x86\x04\
\x29\x88\x20\x6f\x3d\xdb\xd2\xfb\x65\x00\x5f\xec\x61\x3b\x4e\x2d\
\x85\x69\x1c\xa9\x48\x23\xef\x71\xb6\xa5\xf7\xab\xf8\x5a\x2f\xdb\
\x71\x6e\x15\xf2\x6a\x49\xc5\x44\xe4\x4d\xfb\x3b\xdb\xf3\x17\xb6\
\xe5\xc2\xed\xb0\xc4\x48\x45\x1d\x2c\x73\x0e\xb3\x87\x7a\xd7\xc3\
\x92\x0e\x90\x8a\x21\x10\x3e\xd8\xcd\xde\x79\x04\x42\x9c\x94\x04\
\x52\x10\xee\xea\x61\xaf\x6c\x86\x30\x8a\x14\x45\x33\x10\x1e\x66\
\x8f\x6c\x85\x30\x89\x94\x0d\xcd\x41\x78\x8c\x3d\xf1\x9b\x56\x58\
\x52\x61\x52\x57\x0d\xa1\xe5\x49\xf6\xc0\x5f\xaf\x86\x25\x57\x49\
\x6e\xd4\x41\x98\xfe\x0c\xbb\xf6\xfc\x2c\x08\x35\xe4\xce\x18\x08\
\xb3\xf7\xb1\x4b\x07\xda\x21\x8c\x26\xb7\x1a\x20\x2c\x3e\xca\xae\
\x1c\x5f\x0c\xa1\x81\x5c\x0b\x4c\x86\xd0\x75\x82\x5d\x78\xe3\x7a\
\x08\x89\x20\xb9\x17\x4a\x42\x58\x76\x8a\x95\x75\x7f\x18\x42\x73\
\x98\xbc\x10\x49\x41\xb8\xe1\x34\x2b\xea\xb9\x1b\x42\xba\x82\xbc\
\x11\xcd\x40\x58\x71\x86\x95\xf4\x6e\x80\x90\x8e\x92\x57\xe2\x39\
\x08\xb7\x76\xb3\x8a\x8d\x10\x32\x31\xf2\x4e\x35\xa4\xdb\xcf\xb1\
\x73\x5b\x20\x64\x87\x92\x97\x46\x41\x5a\xfd\x26\x3b\xb5\xbd\x05\
\x96\x6c\x9c\xbc\x35\x16\xd2\xf2\x53\xec\xcc\xef\xa7\xc2\x92\x8d\
\x93\xc7\x02\x0d\x90\x6e\x38\xc9\x4e\xfc\x6d\x3a\x2c\x99\x4a\xf2\
\x5c\x70\x0a\xa4\xf7\x1d\x63\xfb\x5e\xb8\x0e\x96\x74\x94\x2e\x83\
\x70\x12\xd2\xe2\x43\x6c\xd7\xa1\x0e\x58\x52\x15\x74\x39\x84\x92\
\x90\xe6\xbe\xc4\x76\x1d\xe9\x84\x25\xa5\xd1\x65\x10\x68\x84\x34\
\xe3\x39\xb6\xef\xa5\x79\xb0\xa4\xa3\xe4\xbd\xb1\x90\xa6\xfd\x81\
\x9d\xd8\x3d\x0b\x96\x74\x94\xbc\x36\x12\x52\xcb\x36\x76\xe6\xd9\
\x99\xb0\xa4\x63\xe4\xad\xe1\x39\x48\xdf\x65\xa7\x9e\xbe\x0a\x96\
\x4c\x8c\xbc\x54\x99\x85\xf4\x30\x3b\xf7\xb3\x56\x58\xd2\x51\xf2\
\x4e\x34\x03\xe9\x9e\x1e\x56\xf0\x63\x08\xe9\x28\x79\x45\x4b\x41\
\x5a\x7b\x9e\x95\x7c\x1d\x42\x4a\x23\x6f\x44\x9a\x21\xad\x7c\x8b\
\xd5\xf4\x6e\x80\x90\x8a\x90\x17\xc2\x4d\x90\x3e\x70\x9a\x55\x5d\
\xfc\x28\x84\xe6\x30\xb9\x17\x4a\x40\xea\x7a\x85\xd5\x9d\x5b\x09\
\x61\x4a\x90\xdc\x0a\x27\x20\x2d\x3e\xca\x6e\xbc\xda\x05\xa1\x31\
\x40\xee\x44\x9a\x20\x2d\x3c\xc8\xee\x1c\x6a\x83\x30\x81\x5c\x89\
\x24\x21\xb5\xef\x63\xb7\x9e\xb9\x1a\x42\x3d\xb9\x10\x6a\x86\x34\
\x6f\x2f\xbb\xf7\xcb\x16\x08\xb5\xa4\xee\x0a\x48\x6d\x2f\xb2\x17\
\x36\x43\xc8\x0d\x23\x55\xc1\x34\x84\x59\xff\x64\x4f\xf4\x3e\x00\
\x21\x1b\x23\x45\x75\x10\xe6\xee\x66\x8f\x5c\xb8\x19\x42\x2a\x40\
\x4a\x82\x69\x58\xe6\xbd\xc0\x9e\x79\xad\x0b\x42\x25\x29\xa9\x86\
\xa5\xfd\x45\xf6\xd0\xfe\x59\xb0\x8c\x24\x25\xef\x40\x5e\xc7\x5e\
\xf6\xd4\x53\xad\xc8\x9b\x40\x2a\x42\x39\x98\x3a\x0f\xb2\x3d\x07\
\x0e\xb0\x3d\xdf\x43\x9e\x4e\x2a\x86\xc3\x34\xf3\x65\xb6\xe7\xb9\
\xb6\x79\x3b\xd9\x9e\xfb\x90\x17\x22\x05\x63\x61\xba\x97\xed\xf9\
\xed\x0c\x60\xc6\x0e\xb6\xa5\xfb\x43\x30\x55\x92\x82\x04\x4c\x3f\
\x67\x5b\x1e\x6f\xc5\xff\x4c\x7d\x82\x6d\x39\xde\x02\x43\x0d\x29\
\xc8\xc2\x74\x8c\x6d\xe8\xfd\x0e\xf2\x1e\xed\x65\x3b\x66\xc2\x30\
\x9a\x9c\x0b\xc3\x34\x9f\x6d\xb8\x78\x1f\x84\x07\x7b\xd8\x86\x76\
\x18\x26\x90\x73\x31\x98\x56\x71\x79\xdd\x77\xa2\x8f\x7b\xce\x73\
\x79\x8b\x61\x68\x24\xe7\x86\xc0\xf4\x09\x2e\xeb\x8d\x8f\xa0\x9f\
\xdb\xce\x72\x59\x0b\x60\x48\x90\x73\x71\x98\x3e\xc5\xe5\xbc\x7a\
\x23\x06\x58\xfe\x6f\x2e\xa7\x0d\x86\x66\x72\xae\x12\xa6\x7b\xb8\
\x8c\x23\x4b\x30\xc8\xb2\xe3\x5c\x5a\xef\xd5\x30\xa4\xc9\xb9\x0a\
\x98\x56\x70\x69\x07\x3b\x51\xc0\xbb\x0f\x73\x49\xaf\xc2\x94\x22\
\xe7\x82\x30\x75\x70\x49\xfb\x17\xa0\xa0\x45\x07\xb8\x94\x9d\x30\
\x25\x49\x41\x0a\xa6\x23\x5c\xc2\xbe\xf9\x90\x92\x3a\xa4\x8e\x3d\
\x5c\xc2\x8f\x60\x6a\x22\x05\x13\x61\xfa\x29\x17\xf7\xaf\x79\x90\
\x1a\x43\x9a\x0e\xa9\x63\x0f\x17\xf7\x00\x4c\x8d\xa4\xa0\x0e\xa6\
\x3b\xb8\xa8\x5d\x73\x20\x8d\x0b\x10\x69\x3a\xa4\xb6\xe7\xb9\x98\
\x8b\x73\x61\x1a\x43\x0a\xa2\x30\x4d\x7b\x85\x8b\xd8\x3d\x1b\x52\
\x1d\x5d\xa2\xe9\x90\xe6\xec\xe2\x22\x76\x20\xaf\x96\x54\x24\x61\
\xfa\x06\x17\xb6\xaf\x1d\x42\x6e\x38\x99\x34\x1d\xd2\xac\x5d\x5c\
\xd8\x6a\xe4\x55\x92\x8a\x51\x30\x5d\xbb\x8f\x0b\xd9\xd7\x0e\x21\
\x5b\x45\x96\x48\x33\xa4\xb6\x3d\x5c\xc8\xaf\x90\x97\x0e\x90\x8a\
\x70\x0e\xa6\x6b\x7e\xc7\x83\x1d\x98\x0f\x21\x1d\x23\x49\xd3\x21\
\x75\xec\xe7\xc1\x5e\xbe\x0e\x79\xe3\x49\xcd\x58\xe4\xb5\x6c\x3c\
\xcb\x03\x1c\x5e\x04\xa1\x59\xa3\xbe\x34\x1d\xd2\x82\x03\x3c\xd0\
\xe1\xc5\xb0\xc4\x49\x8d\x96\x83\x65\xc1\x93\x3d\xdc\xc7\x91\x8d\
\xd7\x40\x48\x46\xa8\x3f\x4d\x87\xd4\x79\x98\xfb\xe9\xdd\x3e\x1b\
\x96\x29\xa4\xaa\x1e\xd2\xc2\x6f\xed\xed\x61\xc3\x89\x9f\xac\x9b\
\x0a\xa9\x29\x4c\x03\x69\x3a\xa4\xe9\x6b\xbe\xfd\xa7\x93\x9c\x77\
\x6c\xeb\x32\x48\x71\x52\x15\xd2\xd1\xd7\xb5\xb7\xdd\xfb\xf9\x0d\
\xb7\x74\xb6\xa0\xaf\x44\x98\x06\xd3\x74\xf4\xd7\xbe\x6a\xdd\x43\
\x5f\x78\x70\xed\x7b\xd0\xd7\x38\x52\x37\x14\xe5\x24\x42\x54\x88\
\xa6\xa3\xac\xa6\x20\xb9\x50\x8f\xd2\x92\x61\x2a\x2c\xd2\x8c\x32\
\x9a\x22\xe4\x46\xa0\x09\xa5\x24\xc3\x54\x8c\xa6\xa3\xa4\xc9\x21\
\x72\x27\x58\x97\x41\x51\x29\x8d\x8a\x0b\x4f\x42\x71\xd9\xba\x00\
\xb9\x16\xae\xcf\xa2\xa0\xe4\xc8\x10\x95\x54\xad\xa3\xb0\xcc\x98\
\x08\x79\x22\x58\x33\x19\x03\x65\x1a\xaa\xa8\xac\x40\xf5\xc4\x2c\
\x06\xca\x4c\x7c\x5b\x90\xbc\xa3\x8d\x18\xdf\x0c\x4b\x66\xca\x98\
\x78\x80\xec\x09\x68\xf1\x9a\x2b\xc6\x35\x34\x26\x92\x4d\x89\x44\
\xe3\xf8\x2b\x6a\x62\xe4\xbd\x50\xb4\xaa\xe6\xed\xd5\xc3\xe3\x11\
\xf2\xf9\x7c\x3e\x9f\xcf\xe7\xf3\xf9\x7c\x3e\x9f\xef\xff\xd2\x7f\
\x01\x95\x59\xed\x64\x8e\x83\x7a\x21\x00\x00\x00\x00\x49\x45\x4e\
\x44\xae\x42\x60\x82\
\x00\x00\x11\x17\
\x89\
\x50\x4e\x47\x0d\x0a\x1a\x0a\x00\x00\x00\x0d\x49\x48\x44\x52\x00\
\x00\x00\x80\x00\x00\x00\x6d\x08\x03\x00\x00\x00\x5e\x3a\x99\xa5\
\x00\x00\x00\x04\x67\x41\x4d\x41\x00\x00\xb1\x8f\x0b\xfc\x61\x05\
\x00\x00\x00\x20\x63\x48\x52\x4d\x00\x00\x7a\x26\x00\x00\x80\x84\
\x00\x00\xfa\x00\x00\x00\x80\xe8\x00\x00\x75\x30\x00\x00\xea\x60\
\x00\x00\x3a\x98\x00\x00\x17\x70\x9c\xba\x51\x3c\x00\x00\x01\xd1\
\x50\x4c\x54\x45\x47\x70\x4c\x27\x7d\xff\x27\x7d\xff\x27\x7d\xff\
\x27\x7d\xff\x27\x7d\xff\x27\x7d\xff\x27\x7d\xff\x27\x7d\xff\x28\
\x7e\xff\x27\x7d\xff\x27\x7d\xff\x27\x7d\xff\x27\x7d\xff\x27\x7d\
\xff\x27\x7d\xff\x27\x7d\xff\x27\x7d\xff\x27\x7d\xff\x27\x7d\xff\
\x27\x7d\xff\x27\x7d\xff\x27\x7d\xff\x27\x7d\xff\x27\x7d\xff\x27\
\x7d\xff\x27\x7d\xff\x27\x7d\xff\x27\x7d\xff\x27\x7d\xff\x27\x7d\
\xff\x27\x7d\xff\x27\x7d\xff\x27\x7d\xff\x27\x7d\xff\x27\x7d\xff\
\x28\x7e\xff\x27\x7e\xff\x28\x7e\xff\x28\x7e\xff\x27\x7e\xff\x28\
\x7e\xff\x27\x7d\xff\x27\x7d\xff\x27\x7d\xff\x2c\x81\xff\x38\x89\
\xff\x6d\xaf\xff\x94\xcb\xff\x8b\xc4\xff\x5a\xa1\xff\x30\x84\xff\
\x84\xbf\xff\x98\xcd\xff\x7e\xbb\xff\x66\xaa\xff\x40\x8f\xff\x2a\
\x80\xff\x74\xb4\xff\x96\xcc\xff\x91\xc8\xff\x63\xa9\xff\x38\x89\
\xff\x33\x86\xff\x46\x93\xff\x76\xb9\xff\x38\x89\xff\x48\x95\xff\
\x7d\xc0\xff\x5a\xa2\xff\x39\x8a\xff\x72\xb4\xff\x8d\xc6\xff\x69\
\xaf\xff\x83\xbf\xff\x50\x9b\xff\x55\x9e\xff\x88\xc2\xff\x46\x93\
\xff\x50\x9b\xff\x41\x91\xff\x27\x7d\xff\x7b\xbc\xff\x27\x7d\xff\
\x45\x93\xff\x3b\x8c\xff\x73\xb6\xff\x3a\x8b\xff\x68\xac\xff\x5f\
\xa6\xff\x5f\xa6\xff\x78\xb9\xff\x72\xb5\xff\x33\x85\xff\x2f\x82\
\xff\x32\x86\xff\x31\x85\xff\x85\xc3\xff\x7f\xbf\xff\x7b\xbd\xff\
\x2f\x83\xff\x2f\x83\xff\x99\xce\xff\x99\xce\xff\x31\x84\xff\x99\
\xce\xff\x99\xce\xff\x36\x88\xff\x39\x8a\xff\x99\xce\xff\x53\x9d\
\xff\x99\xce\xff\x99\xce\xff\x99\xce\xff\x76\xb6\xff\x54\x9e\xff\
\x99\xce\xff\x99\xce\xff\x99\xce\xff\x99\xce\xff\x99\xce\xff\x98\
\xcd\xff\x97\xcd\xff\x75\xb6\xff\x67\xac\xff\x99\xce\xff\x99\xce\
\xff\x99\xce\xff\x98\xcd\xff\x71\xb4\xff\x99\xce\xff\x97\xcd\xff\
\x94\xcb\xff\x94\xcb\xff\x8c\xc6\xff\x89\xc4\xff\x82\xc2\xff\x87\
\xc6\xff\x8a\xc9\xff\x8b\xca\xff\x8a\xc5\xff\x8f\xca\xff\x8c\xc9\
\xff\x8f\xcc\xff\x91\xcd\xff\x8f\xc9\xff\x91\xca\xff\x91\xca\xff\
\x93\xcc\xff\x8f\xc9\xff\x94\xcd\xff\x98\xcd\xff\x99\xce\xff\x99\
\xce\xff\xff\xff\xff\x36\x03\x73\x2a\x00\x00\x00\x99\x74\x52\x4e\
\x53\x00\x02\x04\x06\x07\x0a\x0c\x08\x12\x19\x22\x25\x2a\x2e\x1f\
\x10\x38\x46\x4f\x52\x56\x4b\x3c\x32\x1c\x15\x35\x61\x6e\x74\x7d\
\x65\x5a\x40\x17\x6a\x79\x87\x92\x99\xa0\x8c\x82\x5e\x43\x30\xa7\
\xd8\xfb\xf1\xc7\xa0\xeb\xfe\xe7\xd2\xb3\xab\xdf\xfd\xf8\xc9\x9b\
\x8f\xa8\xd6\xae\xbb\xdc\xa5\x74\xd0\xf4\xcd\xe4\x9c\xb1\xef\x8e\
\xc0\x84\x01\xda\x18\x96\x82\xc2\x7f\xbb\xb2\x86\xac\xa3\x66\x4a\
\x53\xc1\xbf\xb5\xca\x58\x18\x01\x02\x31\x04\x07\x55\x57\x0b\x35\
\x0f\x11\x15\x20\x53\x1b\x1f\x24\x28\x2b\x30\x41\x5e\x70\x36\x3c\
\x47\x54\x93\x4d\x5b\x63\x6a\x75\x83\xd1\xd8\xdc\xdd\x97\xc2\xcd\
\xd4\xd9\x8c\x9c\xa4\xa9\xb6\xc8\x7b\x72\x4a\x42\xbd\xf4\x00\x00\
\x00\x01\x62\x4b\x47\x44\x9a\x98\xdf\x67\x12\x00\x00\x00\x07\x74\
\x49\x4d\x45\x07\xe8\x09\x1d\x13\x09\x25\x1d\x06\xac\x5b\x00\x00\
\x0e\x00\x49\x44\x41\x54\x68\xde\xc5\x5a\x87\x5f\x1b\x47\x16\x46\
\xbd\xad\xfa\xaa\xf7\x5e\x01\x09\x54\x30\x2c\xc5\x10\xd0\x52\x04\
\x16\xcd\xc2\xd8\xe7\x38\x31\xd8\x26\x21\x86\x84\x9e\x18\x6c\x62\
\x87\x2b\x76\xee\x5c\xee\x7c\xf3\xdf\xde\x9b\x59\x49\xa6\x48\xb2\
\x63\xef\xe6\x3e\x7e\x20\xb1\x3b\x3b\xef\x9b\x37\xef\xcd\x9b\x37\
\x6f\x3b\x3a\x3e\x13\x22\xb1\x44\x2a\x93\x63\xc8\x14\x52\xb1\xe8\
\x73\xbb\xf9\x7c\xf1\x0a\xb9\x52\xa5\xd6\x50\x5a\x8a\xd2\xe8\x54\
\x4a\xb9\xe2\x4f\xe5\x20\x92\x28\xf4\x2a\xb5\xd6\x60\x34\x99\x69\
\xda\x6c\x31\x5a\x6d\x1a\xbb\x43\x2e\x93\xfc\x49\x24\x60\xf4\x7a\
\x95\xc6\x69\xa4\x5d\x6e\x8f\x17\xe0\x71\xfb\xfc\x96\x80\x93\xd2\
\x05\xf5\x32\xa9\xf8\x4f\x90\x2f\x95\x3b\xd4\x4e\xa3\x3f\x14\x8e\
\x44\x63\x71\x40\x2c\x9a\x48\x7a\x42\x29\x53\x1a\x38\x38\xe4\x42\
\x53\x10\x49\x64\x4a\x5d\x67\x9a\x0e\x79\x13\x5d\xdd\x19\x0e\xd9\
\x9e\xde\x58\x22\x19\x0e\xf9\x2d\x56\x4a\xa7\x94\x49\x04\x9c\x08\
\x10\xaf\xb7\x53\x56\xb3\xcf\x1b\xed\xed\xc9\xe5\x51\x0d\x99\x42\
\xb1\xef\x1a\x70\xf0\xa4\x2c\x06\x4d\x50\x2e\x1c\x03\xd0\x7e\x50\
\x63\xb0\xb8\x3c\x91\xae\xfe\x01\x84\x98\xc1\xa1\x61\xc0\xc8\xf5\
\x01\x4c\x85\xe9\x1e\x1d\x4a\xba\xe9\x00\xa5\x92\x4b\x04\x93\x0f\
\xc3\x0f\xd0\xee\x64\x6c\x8c\x41\xf9\xcc\x57\xe3\xe1\x90\x2b\x95\
\x72\xf9\x26\xc6\x4b\xec\x00\x10\x42\xb9\xc1\x61\x4f\x2a\x4d\x05\
\x65\x02\xd9\x81\x44\xae\xd2\xa6\x53\x9e\xa1\xbe\xb1\x2c\x8c\x3e\
\xe2\x4e\x99\x8c\x56\x40\xda\x02\xfe\x10\x1e\x9e\x64\x33\x08\xf5\
\x8f\x84\x53\x01\x8d\x43\x21\xc8\x24\x88\x14\x0e\x2a\x9d\xf2\x8e\
\x4c\x65\x18\x94\x9d\x86\xf9\xb6\xda\x28\x35\x80\xd2\x3a\xad\x46\
\x73\xca\xed\x9d\x81\x79\x61\x47\xc2\x7e\xab\x5a\x2f\xc8\x24\x88\
\xf5\x6a\xab\x3f\x3c\xc3\x20\xa6\x9c\x9d\x75\x99\xac\x5a\x8d\xca\
\xa1\x97\xcb\xf5\xca\xa0\x5d\x4d\xd9\xac\x46\xda\x1d\x19\x64\xd1\
\x54\xcc\x63\xb6\xa9\x64\x42\xa8\x40\x11\xb4\x99\x3d\x23\x2c\x2a\
\xcf\x0d\xdf\xa0\x03\x36\x8d\x4a\x09\xeb\x0e\x40\xaa\x90\xeb\x1d\
\xc0\x01\xac\x33\x39\x97\xc9\xf4\x44\x7c\x46\x8d\x10\x2a\x10\xc9\
\xd5\x01\x5f\xa2\x84\xd8\xbe\xa4\x0b\xbc\xcd\xae\x84\x35\x47\x54\
\xe9\xe8\xa8\x54\x20\x2e\x29\x64\x7a\x87\xba\xd3\xe8\x8a\xcc\xa3\
\xec\x88\xd7\xef\x14\x42\x05\x62\xa5\xd6\xec\xe9\xca\x0e\x14\x93\
\x2e\xa3\x0d\x96\x3c\x85\x04\x8b\xe7\x00\x24\xf0\x0a\xa1\x35\xfa\
\xa6\x59\x34\x99\x70\x83\x0a\xf8\x77\x04\xa9\xca\x90\x4a\xce\x81\
\x95\x85\x2c\x36\x9d\x1e\x47\x9e\xca\xf9\xdb\x15\x31\x38\xa9\xcd\
\xe4\x99\x44\x99\x19\x50\xc1\x82\x94\x77\x02\x0a\x5d\x3a\x14\xed\
\x46\x05\x2f\x6d\x50\xeb\x15\x97\xc4\x13\x06\x0a\x25\x58\x69\x24\
\x87\x7a\x12\xa1\xb4\x5a\xce\xfb\x1c\xc8\x34\x16\x4f\x6f\x21\x3f\
\xe9\xb6\x50\xe0\xe7\x95\xab\x0d\x2a\x62\x99\x4a\x6b\x71\xcf\x23\
\x66\x24\x6c\xa6\xf8\x9f\x03\x39\x65\xf6\x76\xb1\x99\x19\x57\x00\
\x6c\xbc\xd2\xac\x05\xac\x94\x6a\x6b\x6a\x91\x45\x7d\x91\x94\x61\
\x81\x77\x3f\xd0\x6b\xfd\xc9\xd1\x3c\xb3\xe8\x37\xe8\xe4\xcd\x47\
\x57\x11\xcb\xed\x36\x73\x38\x8b\x7a\xa2\xa1\xb4\x4e\xc1\x3b\x01\
\x5b\x2a\x32\x9a\x67\x93\xb4\xd3\xde\x6a\x7e\x45\x52\x07\x65\x0c\
\xcd\xe7\xcb\xbd\x1e\x8b\x46\xc6\x37\x01\xa5\x33\x15\xe9\xcb\x33\
\x4b\x40\xa0\x95\x93\x57\x24\x30\x07\xae\x11\x86\xed\xf2\xd2\x94\
\x9e\x7f\x02\xae\xc8\x28\xc3\x4c\x9b\x6d\x76\x59\xa5\x45\x1b\x91\
\x5c\x67\xa0\x17\x99\x7c\x5f\xd2\x6f\x13\x86\x40\x39\x33\xde\x8e\
\x40\x45\x06\x46\xe0\xc5\x56\xe8\x32\x38\xf8\xf6\x43\x3c\x05\xa3\
\xd9\xcc\x38\x9e\x82\x96\x04\x14\xaa\x4e\x93\x27\x8b\xfa\x12\x3e\
\x81\x08\xb0\xcc\x62\x1b\x1b\xc0\x01\x4b\x6b\xe1\x08\x58\x83\x7c\
\x13\x20\x5e\xc0\x32\xb3\x6d\x09\x48\x1d\x35\x02\x21\xeb\x02\xff\
\x04\x60\x1d\x60\x33\xd3\x34\xac\x03\xff\x17\x02\x72\x2d\x9d\xec\
\xca\x65\xc6\xfd\xed\x08\x08\x39\x05\x72\x8a\xf6\x76\xe5\xf2\xcb\
\xa9\x36\x04\x2a\x8a\x05\xad\xe9\x26\x43\x08\xf0\x6e\x84\x38\x16\
\xc4\xbb\x81\x00\x6c\xf9\x5a\x05\x1a\x20\xd0\x69\x5a\x62\x32\x82\
\x78\x81\x0c\x13\x28\xa2\x92\xab\x2d\x01\x95\xcd\x74\x93\x15\x88\
\x80\xc6\x14\x8e\x15\xd1\xbc\x2b\xd0\x86\x80\x0c\x08\x8c\x67\x80\
\x80\x00\x0b\x91\x82\x23\x30\x85\xc3\x71\x3b\x02\xe6\x65\xc4\x8e\
\x0a\x43\xc0\x12\xee\xed\xcf\x97\x7c\xed\x08\xe0\x29\xb8\xc1\x08\
\xb3\x12\x2a\xf0\x8e\xa8\x7f\xa0\xfa\x51\x02\x61\x81\x96\x62\x85\
\xba\x46\x20\xad\x51\xb6\xda\xed\x10\x1b\x08\x43\x30\x12\x62\x0a\
\xa4\x40\x20\xd6\x8f\xae\x87\xd2\x54\x5b\x02\xe6\xb0\x40\xd1\x50\
\xa2\x33\xba\xa3\x83\x28\xe7\x36\x52\x8e\x56\x7b\x6e\x91\xcc\xee\
\xa4\x97\xc8\xa6\xd0\xa9\xe4\x59\x7e\x87\xc4\x1e\x08\x45\xe7\x50\
\xce\x63\xd1\x06\x15\x2d\xe2\x31\xd9\x90\x0c\x33\x99\x51\x21\x36\
\x24\xe2\x05\xab\x2f\x31\x86\x72\x61\x73\xcb\x70\x58\xc1\xf9\x6b\
\x6a\x25\xc3\xc0\x96\x4c\xcb\x3b\x01\x91\xd2\xe9\x4f\x8e\x21\x76\
\x11\xaf\xc5\x4d\x4f\x61\x2a\x38\x81\x37\x86\x4a\xf9\x42\x6f\xd8\
\x44\xc9\x79\x27\xa0\xa7\xcc\xe1\x2e\x76\xa0\x1a\x02\x23\x90\x89\
\x9b\x4c\x82\x48\x42\xb6\xe5\x39\x54\x8c\xba\x8d\x6a\xde\xb7\xe5\
\x1d\x32\x35\x58\x61\x3f\xea\xf7\xd2\x4e\x9d\x5e\x7a\x55\x05\x38\
\x37\xd3\x04\x5c\x89\x32\x1a\x8b\xb8\xac\x76\x01\x92\x43\xbb\xc1\
\x15\xe9\x41\xd9\x21\x5f\xba\xa9\x0a\x44\x52\x39\xce\x4e\x47\x98\
\x81\x11\x2f\x6d\x73\xf0\x9f\x1e\x4b\x1c\x5a\xd2\x7d\x19\xef\xcc\
\xe5\x57\xb3\x33\xb1\xcc\xa1\xb1\xba\xaa\xe5\x7c\x76\x28\x04\xf9\
\x39\xff\x07\x04\xe0\x63\x01\x5f\xa2\x88\x50\xf9\x56\x40\xa3\xbc\
\x72\x0e\x55\x01\x0b\xe8\x34\xad\x96\x11\x1a\x4c\xfa\xc1\x51\x78\
\x97\x0f\x73\xe0\xd0\x9a\xc3\xbd\x63\x39\x74\xdb\xa2\xbd\x7a\x04\
\x52\x91\x42\x76\x7e\x67\x2a\xdf\x3d\x06\x26\xa8\x51\xf2\x6f\x02\
\xa0\x63\xb9\x2e\x1d\x4a\x5c\xeb\x47\x55\xba\x49\x82\x4a\x7c\xf0\
\x46\x96\x99\x8b\x83\x02\x54\x72\x21\x8e\x0a\x21\xf7\x84\x9d\x71\
\xbc\x1f\x2d\xc3\x9e\x40\x79\xd9\x08\x44\xd8\x07\xa7\x07\xb2\x7d\
\x51\xb7\x45\xd3\xcc\x4b\xf8\x60\x20\x87\x90\x1c\xeb\x46\xf3\x13\
\xe4\x90\xe2\xc2\x3d\x92\x98\xa6\x56\x50\xee\x1a\x04\x22\x95\x30\
\x27\x95\x10\x11\x21\x1e\x24\x7a\x32\x85\x25\x58\x8e\x2f\x29\x99\
\x4b\xcd\xab\xa8\x3f\x86\x8f\x47\x84\x3a\xae\x16\x3b\x20\x3f\x9b\
\x63\xb2\x8b\x7e\x83\xfa\xd2\x31\x89\x48\xa6\x02\x2f\x2d\xa1\x7e\
\x30\x41\xfe\x0f\x27\x1a\x52\xf4\x5a\xda\xdb\x97\xcd\x2f\xdf\xb9\
\x62\x04\x62\x39\x44\xe2\x59\x26\x5f\x84\x94\x40\x25\x84\x0b\x70\
\x52\x70\x3c\x80\xe4\x20\x3b\x01\x8b\xa1\xf4\x3c\x01\x30\x01\x9d\
\xc1\x5f\x45\xd9\x51\x30\x01\xfe\xcf\x87\xea\x90\x28\xb5\x66\x6f\
\x6c\x2c\x83\x56\xff\x72\xc9\x0a\x89\x0d\x4e\x30\xf9\xfe\x38\xb6\
\x41\xa1\x34\x20\x52\x2c\x40\x48\x8e\x5f\xeb\xcf\x67\xef\x36\x21\
\x10\x58\x45\xcc\xd7\xf1\x84\x2f\xa0\x13\x64\x15\x20\xc7\x70\x1a\
\x58\x89\xc6\x72\x03\xe8\x9e\xf1\xd2\x62\x8c\xa7\xc0\xfa\x0d\x1a\
\x28\x8c\x45\x3d\x26\xad\x43\x90\x92\x85\x58\x81\xcf\xeb\xbd\xbd\
\x39\x84\xbe\xbd\x8f\x23\xf2\x45\x1b\x80\x48\x70\x77\x19\xa1\x6c\
\x5f\xc4\x67\xa4\x04\x28\x1c\x89\xa5\x72\x08\x76\xfe\x70\x74\x30\
\x9f\x19\x87\x3d\x89\xea\x62\x3c\xac\xe0\x58\x18\xb8\x33\x5e\x46\
\xfd\xf1\xa4\xcf\x62\xe3\xb9\x80\x87\xcf\xc2\x55\x1a\x9b\xd1\xe5\
\x8d\x8e\x96\xd1\xf5\xb0\xd9\xa0\x56\x2a\x2e\xee\x08\x60\x7e\x74\
\x36\x4b\xa8\x9a\x67\x7a\x62\x11\x37\x1d\xd0\xaa\x83\x7a\x05\x3f\
\x6a\x10\xe1\xc1\xdb\x29\x83\xd1\xef\x4e\xc6\x46\xfb\x11\x33\xed\
\x0f\x50\x0b\x97\x75\x0c\x1c\x1d\x1a\x03\x7d\xf3\x2b\x94\x9d\x8b\
\x27\xbc\x3e\x3a\xed\xe4\x6a\x0a\x3c\x48\x57\xda\x35\xb6\x80\x29\
\xe5\xf6\x46\xbb\x7a\x0a\xf9\x4c\xd5\x95\xd6\xda\x21\xda\x5c\x0c\
\x46\x15\xd8\x10\xa9\x28\x2b\x3d\x3b\x85\x98\xee\xb1\x58\xc2\xeb\
\xf6\x5b\xac\x5a\xf5\x02\x3e\xd8\xff\x02\xcd\x2b\x60\xec\x9a\x4e\
\xab\xc5\xef\xf3\x44\xa2\xf1\xb9\xc2\x00\x02\xf9\xc6\x4e\x9d\x5e\
\x71\x65\x4b\x06\x0c\xf4\x35\x06\x88\xed\x9f\x8b\x45\x93\x1e\x1f\
\x6d\x34\x50\x98\xc3\x67\xd5\xf7\x71\x85\x1e\xa4\xdb\xac\x16\xda\
\xe7\x49\x26\x62\xa3\xc5\x1c\x83\x32\xf3\xe3\xa9\x74\xa7\x4e\xd9\
\x6c\x57\x5c\xc1\x45\x6d\xca\x6a\x9e\x58\x06\x3f\x61\x0a\xc5\x2e\
\xac\x06\x97\xd9\x68\xd0\xaa\x55\xa4\xbe\xf3\x47\xc5\xeb\x17\xd4\
\xdc\xd8\xbd\x89\x58\x6f\x4f\x81\xcd\x23\x34\x35\x8e\xcd\xab\x55\
\x7d\x98\x30\xd0\x18\x2c\xfe\x1b\x55\xd0\x42\x3e\x5b\xe8\x8b\x47\
\x23\xc0\x81\xc6\x1c\xf0\x5c\x7c\x3a\x85\x46\x85\x9e\x8c\x3d\xde\
\x57\x2c\x67\x60\x50\xa5\xf1\x9b\x7e\x8b\x81\xb2\x63\xf9\x95\x56\
\x8f\x05\xd5\x5a\xab\x29\x75\x73\xbc\x84\x9f\x28\x17\xaf\xc5\x08\
\x07\x33\x98\xa4\xea\x93\x29\x90\xf7\x13\x34\xb8\x42\x0f\x63\x8f\
\xcf\x75\xb3\x99\x3c\xe8\x7e\x66\x36\x44\x63\xb3\x22\xfd\x34\xcf\
\x0d\x2b\x75\x93\x05\xc5\xb9\x17\x57\xb2\x08\x0d\x30\xb9\x22\xd6\
\x43\x38\xe4\x07\x73\xf8\x34\x0a\x0d\xf1\xd8\xea\x07\x0b\x19\x5c\
\x1e\x67\x4b\xd3\x13\x8d\xd9\x6c\x52\x2f\x3a\x47\x41\x22\xc3\x96\
\xa3\x35\x18\x69\xd7\xd2\x74\x09\x57\xb5\xf3\x6c\xb1\xaf\x37\x8a\
\xbd\xc2\x00\x5a\xf8\xe8\xbb\x1e\xa4\x42\x5e\x13\x5f\x04\xe9\xf9\
\x81\xa9\xea\xec\xc4\x1d\x18\xbc\x93\x22\x2f\x8b\x48\x5a\x8b\xe7\
\x94\x20\x21\xaf\x97\x50\xce\x80\xc5\x1f\x5a\x1a\x2f\x61\xdb\x41\
\x6c\x77\x5f\x34\xe9\xf6\x1b\x6d\x6a\xc7\x47\x16\x69\x98\x45\xbb\
\x36\x40\xde\x4f\xe8\x29\xa3\x3c\x73\x7d\x26\x09\x56\x64\x09\x38\
\xb5\x1a\xbb\x83\xf8\x53\x3b\xf1\x84\x42\x05\x7b\xaf\xde\xa1\x03\
\x35\xa4\x4d\x60\xc3\x8b\xa5\x2c\xcc\x21\x33\x38\x1a\xf5\x86\xcc\
\x56\x58\xc3\xdb\x6d\x58\x45\x0a\xbc\xa0\xba\xc2\x89\x91\x1e\xec\
\x4b\xa5\x61\x4f\x4d\xba\x6e\x01\x0f\xfe\xe3\xe2\x1b\xb6\x20\x03\
\x35\xe8\xa8\x4e\x43\x1a\xfb\xd1\xe2\x20\xd8\x43\xb9\x38\x12\xf1\
\xf8\xd3\xed\xdf\x2f\x90\x60\xf9\xbe\xe4\x48\x11\x1e\x60\xe7\xa7\
\xdd\xe4\xed\x14\x8d\x3d\xa8\x94\x7f\xca\xe0\x2f\xaa\x41\x2a\xd3\
\x3b\x54\x9c\x1e\x52\xee\xe1\x12\x0b\x91\x72\x70\x28\x9c\xc2\x89\
\x65\x4b\x15\xe0\x9d\xa5\x25\x94\x1c\x6c\x88\xb7\x76\x62\xcd\x73\
\xd2\x3f\x5d\x7c\x4d\x0d\x84\x03\xd6\x03\xf6\x8a\xd0\x34\xa6\x90\
\x9b\x09\xfb\xad\x6d\x4a\xdb\x12\xa5\x26\xed\x4a\x0e\xe6\xc1\xec\
\x17\xb1\xd5\x72\x56\x2f\xf9\xe3\xd2\x1b\x7a\xe0\xe6\x02\xbf\x73\
\xe4\x77\x4f\x77\xb3\x88\x1d\xf1\x98\x5b\x97\xb6\x45\x32\xbb\x81\
\x0e\xaf\x0c\xe0\x17\x21\x5c\x44\xfc\x27\x99\xdd\x47\x39\xc8\x61\
\x51\xa5\x0c\x26\x5f\x72\x0c\x62\x79\xc2\xd7\xba\xb4\x2d\xd6\x6b\
\x8c\xa1\xc4\x24\x2a\xc4\x3c\xfe\x00\x1f\xe2\x6b\x73\x01\x6a\x00\
\x0a\x36\xa3\x2f\x39\x38\xc0\x8e\x84\x69\x9b\xa3\xc5\x1c\x48\x1c\
\x36\xda\x3b\x93\x41\x93\x5e\xbf\x15\xaf\xb8\x7c\x88\x6f\x50\x50\
\xe2\xfd\xca\x50\x16\x75\x43\xe2\x60\x6f\x91\xb9\x28\xec\x56\x5f\
\xa4\x1b\x15\x86\x5d\x69\xd8\x71\xf0\x25\xbe\x46\x01\x1c\x1c\xe6\
\x77\x32\x5f\x18\x82\xe4\xb5\xc5\x09\x16\xce\x3d\x87\x0a\x68\xd2\
\x63\xc2\x47\x20\xfc\x89\xe7\x28\xe0\xf4\xdd\x37\xc3\x94\xbb\xbc\
\xad\x92\x47\x91\x9e\x54\x65\x32\x2b\xf8\x38\x98\xf7\xfc\xba\x22\
\xc6\xb9\xd3\x34\xcb\xe2\xb2\xaa\xb2\x39\x01\x25\xa4\xff\x7d\x2c\
\x43\xea\x52\x62\x5e\xc7\x4f\xba\x97\xd9\x9d\xe6\xd9\x6c\x66\x0c\
\x1f\x24\x37\x75\x03\x71\xd0\xe0\x4b\x8c\x0d\x64\x67\x71\x75\x96\
\xff\x04\x1b\x57\xb4\x2c\xe1\x32\x9a\x4b\x84\xac\xaa\xa6\x04\xea\
\xa7\xc1\xe1\x36\xa7\xc1\x5f\x42\x40\xea\xa0\x2c\xee\x29\x34\x17\
\x75\xa7\xed\x4d\xfd\x50\x8a\xcf\xc3\x7b\xd0\x14\x39\x0f\xe7\x9f\
\x00\xac\xb3\x94\x31\x34\x85\x7a\xa2\x1e\xa3\xae\x69\xfa\x8a\x4b\
\x12\xb1\x6e\x74\xbd\x5d\x49\xe2\xcb\x08\x68\xd2\xbe\x79\x54\x8c\
\x79\x2c\xcd\x0f\x72\x49\x5d\x8c\x3b\x82\x12\xe0\x35\x20\xb2\xd0\
\x06\x5c\x25\xd4\x1d\x0b\x9b\x34\x4d\x09\xe0\xda\x68\xbc\x80\xaa\
\x29\xab\x00\x2f\xe1\x74\x70\x2f\xa3\xa5\x96\x21\x79\x84\x85\xa0\
\xe9\x39\x26\xae\x0e\xc7\xb3\xa8\x7d\x75\xf8\x0b\x80\xcb\x19\xfe\
\x15\x54\x88\x7b\xe9\xe6\x87\xf9\xfa\x4e\x7f\x32\xce\xa2\xf6\x6f\
\x08\x7c\x29\x81\x71\x94\x8b\x27\x69\x6d\x73\x02\xb6\x54\x24\x8e\
\xd0\x6c\xbb\x77\x24\xbe\x04\x15\x99\xce\x49\x4f\x23\x14\x6f\x55\
\xd0\xd1\x3b\x09\x01\xee\x5d\x2d\x29\xff\x50\xe0\x03\x86\x64\x3b\
\x02\xf8\x20\x16\xa1\x88\xcb\xa8\xd5\x2d\x04\x31\xd6\xd6\xd6\x82\
\x17\x01\x57\x54\xaa\x35\x02\xee\x5f\xee\xda\x1a\xf7\x15\x7e\xd7\
\x54\xf8\x37\x18\x84\x56\x41\x15\xf7\x6f\xad\x59\x70\x41\x07\x5b\
\x82\xc4\x65\x02\xeb\xf0\xfb\x00\x63\xbd\x4e\x00\x76\x23\x46\x43\
\xe7\x07\x3c\x24\x7f\x1e\xe2\xdf\x87\xb5\x2b\x57\x71\xee\x62\xed\
\x6b\xfd\xe9\x87\x1f\x7a\x82\x7d\x59\x38\xc6\x11\x50\xae\xd7\xd0\
\xb1\x0e\xb2\x1f\x11\x6c\x38\x1e\xde\xc7\xf7\xaf\x0d\x87\xef\xdc\
\xbf\x7b\x1e\xdf\x61\xd4\x3e\x1a\xf8\xfe\xfb\xfa\x9f\x0b\x57\xbe\
\xbb\xd4\xf8\x7c\x3f\xf7\x5d\x9e\xc4\x35\x18\x61\x98\xee\x54\xe2\
\x31\x3f\xc2\xc3\xc6\x9f\x1b\x1b\x9b\x18\x6b\x3f\x7c\x37\x31\x8c\
\xd0\xd7\xa3\x43\xc3\x4b\x37\x3f\x60\x09\x70\xe3\x8f\x01\xb7\x5f\
\xaa\xe1\x7c\x4f\xc3\x43\xa3\x5f\x23\x34\x3c\x71\xf7\xe1\x1a\x16\
\xb8\x01\xc3\xee\x78\x04\xc2\x1f\x6f\x6d\x6d\x03\x7e\xfc\xe1\xa7\
\x89\xd9\xda\xcb\xd2\xf9\xc6\x6b\xd3\xfc\x63\x76\xe2\xa7\x1f\x7e\
\xdc\xde\xde\xda\xda\x02\x0e\x1d\x1b\x9b\x5b\xdb\x3b\xbb\x7b\x7b\
\xfb\x07\x07\x87\x47\x3f\xff\x72\x4b\x38\xb9\x0d\xdc\xfa\xe5\xa7\
\xa3\xc3\x83\xbd\xbd\xdd\x9d\xed\xad\xcd\x8e\xcd\xad\x9d\xdd\xfd\
\xc3\x27\x4f\x8e\x8f\x8e\x4e\x9e\x02\x81\x67\x2b\x2b\xd5\xea\x20\
\x60\x92\xa0\xc4\xe1\x7a\x0d\xf3\x75\x7c\xd5\x04\xf5\x7b\xf5\xc6\
\xb5\x67\x4b\xb8\x9f\x41\x82\x6a\x4f\x75\x65\xfc\xd9\xad\x5f\x7e\
\x3e\x3d\x3a\x7e\xf2\x04\x48\xec\x6c\x75\x6c\x6e\xef\x1e\x80\xf4\
\x93\xd3\xa7\x4f\x7f\x7d\xfe\xe2\xb7\xb3\x67\xb7\x57\x57\xab\xcb\
\x04\xdf\x72\xf8\x6b\x0d\x7f\xab\xe3\xef\x75\xfc\xa3\x8e\xc6\x95\
\x46\x9b\xfa\x43\xb5\x3e\xb8\x0e\xab\xcb\xab\xab\xb7\x6f\x3f\x3b\
\xfb\xed\xf9\xaf\x4f\x4f\x4f\x80\xc3\xc1\xee\x76\xc7\xe3\xed\xbd\
\xc3\xe3\x23\x2c\xfe\xd7\xe7\x98\xc0\xd9\xcb\x97\xab\xab\xab\xdf\
\x10\xdc\xc3\x78\x75\xef\xd5\xab\x57\xbf\x73\xf8\x67\x1d\xff\x6a\
\x86\xc6\xdd\x5a\xeb\xdf\xe1\xc1\x57\xa4\x8f\x6f\xee\x91\xfe\xa0\
\xe3\xdb\x2f\x41\xfe\x6f\x2f\x30\x83\xd3\x93\xe3\xc3\xbd\x1d\xd0\
\xc0\xde\xc1\x13\x50\xc0\x69\x8d\x01\x50\x78\xfd\xfa\x25\xe0\xcd\
\x9b\x37\x6f\xdf\xbe\x7d\xf7\xee\xdd\xbf\x6b\x78\x55\xc7\x7f\xda\
\xa0\xde\xa6\xfe\x10\x3c\x0f\xbd\xbc\x7d\xf3\x06\x77\xf9\xfa\xf5\
\xeb\x33\x22\x1e\xe4\x63\x15\x3c\x21\x04\xb6\x76\xf6\x0e\x88\x05\
\x60\x12\x1c\x0b\xa0\x01\x38\x7b\x7f\x86\xc9\x60\xd4\x08\x71\x9c\
\x08\xde\x61\x6a\x17\xf1\xf6\x5d\xed\x1e\xd7\x92\xc8\x7b\x4d\x64\
\x9e\x9d\xbd\x7f\x8f\x7b\x7c\x01\xa2\x89\xec\xd3\x93\x93\x23\x98\
\x81\xc3\x7d\x98\x82\x0d\x6c\x85\x7b\xe0\x02\x60\x88\x80\x63\x42\
\x85\x23\xf3\x14\xf3\xc1\x8c\x30\x27\xc0\x7f\xeb\x78\xdf\x02\x8d\
\x06\xa4\xf9\x8b\xe7\x78\xa8\x00\xdc\xd1\xe9\x29\x96\x8a\xc5\x1e\
\x1f\x63\x39\x87\x87\x07\x07\xc4\x0d\xf0\x3a\xf0\x18\x1c\x11\xb0\
\x0b\xce\x88\x01\x0e\x89\xf9\x70\x84\x9e\x1c\x13\x4e\x1c\x4e\x4e\
\x38\x6e\x27\xf0\x43\xf0\xb4\xf6\xc3\xe1\x84\x13\x72\x72\x44\x24\
\x11\x59\x9c\x34\x22\x10\x44\xee\xef\xef\x63\x01\xbb\x1c\xf0\x4a\
\xb0\xb9\xd9\xd1\x58\x07\x61\x35\xda\xe2\x16\x24\x82\x9d\x1d\xc2\
\x8a\x63\x86\xb1\x77\x1e\xfb\x35\x1c\xec\x5f\xc0\x85\x36\xe4\xa9\
\x9d\x5d\xdc\xc3\xf6\x4e\xa3\xdf\xad\x1a\x1e\x93\xa5\x70\x63\x03\
\xc7\x02\x2e\x12\x34\x80\xaf\x6f\x9e\xc7\xe3\x06\xb6\x3e\x8a\x5a\
\x1b\xdc\x78\xf3\x2a\xb8\xce\x39\x60\xa1\x10\x07\x70\x3c\x24\x1f\
\xf0\x77\x9d\x44\x45\x72\xfd\xd1\x05\xd4\x9a\x6f\x90\xaf\xe7\xc8\
\x7e\x20\x7e\x8e\x3f\xb9\xce\xdd\xbb\xd8\xd3\x83\x07\xf5\xfe\xf1\
\x77\x1c\x09\x49\x0c\x3e\x87\xf5\xf5\xc6\x07\x09\x94\xdc\x3f\x1f\
\xbe\x72\x51\x7b\x9d\x7b\xf4\xd1\x83\x7a\x07\xeb\x1f\x2e\x92\x4b\
\x64\x20\xeb\x64\x50\xdc\xdd\x07\x5c\x0f\xeb\x0d\x71\x8d\x2e\x01\
\xff\x03\x58\x15\x76\xe3\x91\xf5\xbb\x19\x00\x00\x00\x00\x49\x45\
\x4e\x44\xae\x42\x60\x82\
"

qt_resource_name = b"\
\x00\x05\
\x00\x6f\xa6\x53\
\x00\x69\
\x00\x63\x00\x6f\x00\x6e\x00\x73\
\x00\x0a\
\x05\x95\xdd\x27\
\x00\x75\
\x00\x6e\x00\x6c\x00\x6f\x00\x63\x00\x6b\x00\x2e\x00\x70\x00\x6e\x00\x67\
\x00\x06\
\x07\x5e\x57\x47\
\x00\x6f\
\x00\x6b\x00\x2e\x00\x70\x00\x6e\x00\x67\
\x00\x0b\
\x09\x1d\xf1\xe7\
\x00\x75\
\x00\x6e\x00\x6c\x00\x6f\x00\x63\x00\x6b\x00\x32\x00\x2e\x00\x70\x00\x6e\x00\x67\
\x00\x08\
\x06\xe1\x5a\x27\
\x00\x64\
\x00\x6f\x00\x77\x00\x6e\x00\x2e\x00\x70\x00\x6e\x00\x67\
\x00\x06\
\x07\xc3\x57\x47\
\x00\x75\
\x00\x70\x00\x2e\x00\x70\x00\x6e\x00\x67\
\x00\x09\
\x0e\x01\xb1\xe7\
\x00\x6c\
\x00\x6f\x00\x67\x00\x69\x00\x6e\x00\x2e\x00\x70\x00\x6e\x00\x67\
\x00\x08\
\x07\x9e\x5a\x47\
\x00\x62\
\x00\x61\x00\x63\x00\x6b\x00\x2e\x00\x70\x00\x6e\x00\x67\
\x00\x0a\
\x0a\x88\x4e\x47\
\x00\x61\
\x00\x76\x00\x61\x00\x74\x00\x61\x00\x72\x00\x2e\x00\x70\x00\x6e\x00\x67\
"

qt_resource_struct_v1 = b"\
\x00\x00\x00\x00\x00\x02\x00\x00\x00\x01\x00\x00\x00\x01\
\x00\x00\x00\x00\x00\x02\x00\x00\x00\x08\x00\x00\x00\x02\
\x00\x00\x00\x10\x00\x00\x00\x00\x00\x01\x00\x00\x00\x00\
\x00\x00\x00\x58\x00\x00\x00\x00\x00\x01\x00\x00\x2e\x11\
\x00\x00\x00\x2a\x00\x00\x00\x00\x00\x01\x00\x00\x19\xaa\
\x00\x00\x00\x98\x00\x00\x00\x00\x00\x01\x00\x00\x6d\x6d\
\x00\x00\x00\x6e\x00\x00\x00\x00\x00\x01\x00\x00\x3f\x8d\
\x00\x00\x00\x3c\x00\x00\x00\x00\x00\x01\x00\x00\x24\x3c\
\x00\x00\x00\xae\x00\x00\x00\x00\x00\x01\x00\x00\x79\x67\
\x00\x00\x00\x80\x00\x00\x00\x00\x00\x01\x00\x00\x50\xc8\
"

qt_resource_struct_v2 = b"\
\x00\x00\x00\x00\x00\x02\x00\x00\x00\x01\x00\x00\x00\x01\
\x00\x00\x00\x00\x00\x00\x00\x00\
\x00\x00\x00\x00\x00\x02\x00\x00\x00\x08\x00\x00\x00\x02\
\x00\x00\x00\x00\x00\x00\x00\x00\
\x00\x00\x00\x10\x00\x00\x00\x00\x00\x01\x00\x00\x00\x00\
\x00\x00\x01\x99\x62\x0d\x2d\x0a\
\x00\x00\x00\x58\x00\x00\x00\x00\x00\x01\x00\x00\x2e\x11\
\x00\x00\x01\x99\x8b\x46\xb7\x48\
\x00\x00\x00\x2a\x00\x00\x00\x00\x00\x01\x00\x00\x19\xaa\
\x00\x00\x01\x99\x8b\x46\xb7\x59\
\x00\x00\x00\x98\x00\x00\x00\x00\x00\x01\x00\x00\x6d\x6d\
\x00\x00\x01\x99\x8b\x46\xb7\x7c\
\x00\x00\x00\x6e\x00\x00\x00\x00\x00\x01\x00\x00\x3f\x8d\
\x00\x00\x01\x99\x8b\x46\xb7\x6a\
\x00\x00\x00\x3c\x00\x00\x00\x00\x00\x01\x00\x00\x24\x3c\
\x00\x00\x01\x99\x62\x0d\x2d\x0a\
\x00\x00\x00\xae\x00\x00\x00\x00\x00\x01\x00\x00\x79\x67\
\x00\x00\x01\x99\x95\xa3\x75\x28\
\x00\x00\x00\x80\x00\x00\x00\x00\x00\x01\x00\x00\x50\xc8\
\x00\x00\x01\x99\x95\xa0\xf9\x86\
"

qt_version = [int(v) for v in QtCore.qVersion().split('.')]
if qt_version < [5, 8, 0]:
    rcc_version = 1
    qt_resource_struct = qt_resource_struct_v1
else:
    rcc_version = 2
    qt_resource_struct = qt_resource_struct_v2

def qInitResources():
    QtCore.qRegisterResourceData(rcc_version, qt_resource_struct, qt_resource_name, qt_resource_data)

def qCleanupResources():
    QtCore.qUnregisterResourceData(rcc_version, qt_resource_struct, qt_resource_name, qt_resource_data)

qInitResources()
